{"accuracy": [0.955798939359004, 0.9669817846437629, 0.9690108369840904, 0.9706709707170855, 0.9738067788794097, 0.973922065944201, 0.9772884482361079, 0.9778418261471062, 0.9797325340096841, 0.980677887940973], "val_accuracy": [0.9640127388535031, 0.9646496815286624, 0.975, 0.9734076433121019, 0.9721337579617835, 0.9730891719745223, 0.9738853503184713, 0.9738853503184713, 0.9727707006369427, 0.9722929936305732], "loss": [3.869549072592088, 2.950876197950766, 2.7462833311043373, 2.5679207182706367, 2.4261412249825165, 2.343269764312823, 2.081355925599954, 2.020977237377217, 1.810412535229272, 1.7964971989975653], "val_loss": [3.1677946017743066, 3.1670782264643513, 2.4497393846776583, 2.351542374156983, 2.4516342509783766, 2.3789530392584917, 2.4968277487506723, 2.5771641310134212, 2.49025811749241, 2.6151419010599555], "precision": [0.91828058573453, 0.9153018249883014, 0.944015444015444, 0.9441747572815534, 0.9346374045801527, 0.9356530028598665, 0.9446870451237264, 0.9374701670644391, 0.936007640878701, 0.9346685741535526], "recall": [0.9734601902854282, 0.9794692038057086, 0.9794692038057086, 0.9739609414121182, 0.9809714571857787, 0.9829744616925388, 0.9749624436654982, 0.9834752128192289, 0.9814722083124687, 0.9814722083124687], "f1": [0.9450656295576083, 0.9462989840348331, 0.9614155812238879, 0.958836578752773, 0.9572440752504277, 0.9587301587301588, 0.9595860029571217, 0.9599217986314761, 0.9582009288682474, 0.9574987787005375]}