{"accuracy": [0.8106456131414745, 0.8546627615773166, 0.8825077465087652, 0.9067447684536695, 0.9244450103994227, 0.9380703765015493, 0.947153953902967, 0.9587843287066514, 0.9600577274077847, 0.9654484485759158], "val_accuracy": [0.867911714770798, 0.8896434634974533, 0.8607809847198642, 0.8899830220713073, 0.8840407470288625, 0.901188455008489, 0.831409168081494, 0.868421052631579, 0.8814940577249576, 0.8835314091680815], "loss": [13.127335115640426, 10.56967168941265, 8.873392150715864, 7.33524026797536, 5.9347346862146235, 5.055456225005872, 4.329188029389207, 3.418215973132127, 3.304135154794366, 2.8410306078491776], "val_loss": [9.782485630383363, 8.662522502203245, 11.18078133351094, 9.005794462642154, 10.515637477668555, 11.20420814945891, 14.115851721892486, 13.819705380781278, 11.443724564926045, 13.347584353065168], "precision": [0.4803001876172608, 0.4165103189493433, 0.5309568480300187, 0.46153846153846156, 0.42401500938086306, 0.2964352720450281, 0.6285178236397748, 0.525328330206379, 0.4277673545966229, 0.3621013133208255], "recall": [0.3381770145310436, 0.39572192513368987, 0.33177022274325907, 0.4052718286655684, 0.3754152823920266, 0.4328767123287671, 0.29646017699115046, 0.3491271820448878, 0.3671497584541063, 0.3580705009276438], "f1": [0.39689922480620154, 0.40585009140767825, 0.4083694083694084, 0.431578947368421, 0.39823788546255506, 0.35189309576837413, 0.40288634996993383, 0.41947565543071164, 0.39514731369150785, 0.36007462686567165]}