{"accuracy": [0.852187833511206], "val_accuracy": [0.8310050446255336], "loss": [10.652671362448109], "val_loss": [12.320836296787968], "precision": [0.85837057408044], "recall": [0.8447225981055481], "f1": [0.8514919011082693]}