{"accuracy": [0.7544152744630072, 0.7983293556085919, 0.8083532219570406, 0.837708830548926, 0.8465393794749403, 0.8541766109785203, 0.8735083532219571, 0.873747016706444, 0.8909307875894988, 0.894272076372315], "val_accuracy": [0.9644118446074437, 0.8905188807389296, 0.9266503667481663, 0.9296386851399077, 0.9176854115729421, 0.8801955990220048, 0.8595490355881554, 0.9396903015484923, 0.8144525944036947, 0.9318120076066286], "loss": [17.20914770401161, 13.975786407485263, 13.030158103877351, 11.79877445260987, 11.611693066950062, 10.542896371761351, 9.371099361481557, 8.920179353870509, 8.080230049959576, 7.666322942453486], "val_loss": [8.246272056010262, 11.727513879922958, 7.257719896605303, 6.966456021053781, 7.288124673967731, 8.766288415908187, 11.605810432341592, 5.664285054863912, 12.1195030670035, 6.280160584647594], "precision": [0.06666666666666667, 0.03333333333333333, 0.0, 0.0, 0.05, 0.016666666666666666, 0.06666666666666667, 0.016666666666666666, 0.016666666666666666, 0.03333333333333333], "recall": [0.05063291139240506, 0.005763688760806916, 0.0, 0.0, 0.012048192771084338, 0.0026109660574412533, 0.008602150537634409, 0.006097560975609756, 0.0016, 0.010256410256410256], "f1": [0.05755395683453237, 0.009828009828009828, NaN, NaN, 0.01941747572815534, 0.004514672686230249, 0.015238095238095238, 0.008928571428571428, 0.00291970802919708, 0.01568627450980392]}