{"accuracy": [0.7464826357969724, 0.7795191451469279, 0.780053428317008, 0.7871772039180766, 0.7941228851291184, 0.7964381121994657, 0.8019590382902938, 0.803739982190561, 0.7999109528049867, 0.8046304541406946], "val_accuracy": [0.8692699490662139, 0.8395585738539898, 0.8465195246179966, 0.8567062818336163, 0.8998302207130731, 0.8499151103565366, 0.8580645161290322, 0.8779286926994907, 0.8393887945670628, 0.8877758913412563], "loss": [14.995039933767075, 12.834458071282107, 12.84228235415244, 12.56995801912074, 12.52769950940738, 12.488806350448533, 11.95648018315307, 12.156361944145626, 12.219080853665997, 12.131690190048978], "val_loss": [8.616007161140441, 8.859140124836484, 8.612217606080545, 8.055220310430268, 6.968026123820125, 8.488527372721078, 8.005407204499116, 7.454012895274807, 8.734916855193473, 7.161617728181787], "precision": [0.3853211009174312, 0.5871559633027523, 0.5825688073394495, 0.5229357798165137, 0.3577981651376147, 0.555045871559633, 0.536697247706422, 0.46788990825688076, 0.5963302752293578, 0.43119266055045874], "recall": [0.11666666666666667, 0.13021363173957273, 0.1351063829787234, 0.13348946135831383, 0.14772727272727273, 0.13325991189427314, 0.13732394366197184, 0.14468085106382977, 0.13157894736842105, 0.14896988906497624], "f1": [0.1791044776119403, 0.2131557035803497, 0.21934369602763384, 0.2126865671641791, 0.20911528150134048, 0.21492007104795738, 0.21869158878504674, 0.22101841820151674, 0.2155887230514096, 0.22143698468786807]}