{"accuracy": [0.7643811219946571, 0.7939447907390917, 0.7959038290293856, 0.7966162065894924, 0.8002671415850401], "val_accuracy": [0.9103565365025467, 0.8594227504244483, 0.86893039049236, 0.7957555178268251, 0.8601018675721562], "loss": [14.089619258360306, 12.79084193197071, 12.699744809896519, 12.456425327181476, 12.515813064031791], "val_loss": [6.741850709915161, 7.972417217331963, 7.838729689572308, 11.405061993083438, 8.049501768318382], "precision": [0.29906542056074764, 0.5887850467289719, 0.602803738317757, 0.8551401869158879, 0.602803738317757], "recall": [0.14479638009049775, 0.14549653579676675, 0.15808823529411764, 0.13505535055350554, 0.14861751152073732], "f1": [0.19512195121951223, 0.23333333333333334, 0.2504854368932039, 0.23326959847036333, 0.23844731977818853]}