{"accuracy": [0.858765315739868], "val_accuracy": [0.8808692277842453], "loss": [10.229086603026792], "val_loss": [9.615372335009368], "precision": [0.5591133004926109], "recall": [0.3429003021148036], "f1": [0.4250936329588015]}