{"accuracy": [0.749904495097415, 0.760601044186935, 0.7672651640561994, 0.7704911074324038, 0.7795746848338214, 0.7709155736661149, 0.7704062141856616, 0.776348741457617, 0.7754149157434526, 0.7777494800288637], "val_accuracy": [0.8938879456706282, 0.8838709677419355, 0.897962648556876, 0.8891341256366724, 0.8786078098471987, 0.8889643463497453, 0.8697792869269949, 0.8954159592529711, 0.869609507640068, 0.8694397283531409], "loss": [16.723800882232077, 15.891642700056854, 15.525057380121792, 15.207637439791512, 15.022080695168134, 15.11954969111097, 15.176013530311623, 14.916267103223658, 14.930056185702941, 14.799205353577069], "val_loss": [10.977253814645715, 11.530009088000735, 10.444326027663978, 10.260456655798732, 10.949691929688324, 10.193114454681808, 11.343189612272623, 9.67791843607619, 11.003734263858279, 11.011577801446657], "precision": [0.1482213438735178, 0.233201581027668, 0.20355731225296442, 0.23517786561264822, 0.3142292490118577, 0.23517786561264822, 0.33992094861660077, 0.18972332015810275, 0.3201581027667984, 0.34189723320158105], "recall": [0.2788104089219331, 0.28502415458937197, 0.34219269102990035, 0.3090909090909091, 0.301707779886148, 0.3082901554404145, 0.28429752066115704, 0.31788079470198677, 0.2764505119453925, 0.28407224958949095], "f1": [0.1935483870967742, 0.2565217391304348, 0.2552664188351921, 0.2671156004489338, 0.30784123910939015, 0.26681614349775784, 0.3096309630963096, 0.2376237623762376, 0.29670329670329665, 0.31031390134529147]}