{"accuracy": [0.8676089817055054], "val_accuracy": [0.8414261460101867], "loss": [9.893366995122248], "val_loss": [11.953349246849886], "precision": [0.8766626360338573], "recall": [0.8464681844716871], "f1": [0.8613008613008614]}