{"accuracy": [0.8075045630120123, 0.8376416656055011, 0.8524555371620187, 0.8555116940447387, 0.8690521669001231, 0.8795789294961586, 0.8844178445604652, 0.8944352476760473, 0.8979158707924785, 0.9081030604015451], "val_accuracy": [0.8151103565365025, 0.8052631578947368, 0.8254668930390492, 0.833955857385399, 0.833276740237691, 0.8269949066213922, 0.8392190152801359, 0.832937181663837, 0.8370118845500849, 0.8354838709677419], "loss": [13.465088628444775, 11.743945622702952, 10.899762655574238, 10.640518674027968, 9.870116839091846, 9.195828810617266, 8.826072289837143, 8.272209318594822, 7.945489043903157, 7.258593437205015], "val_loss": [13.397729661335816, 13.179892435267165, 12.559300358855241, 12.210867134300438, 12.205329437191422, 13.135410599853541, 12.72972604257835, 12.777808806058523, 12.618347194992207, 13.161388262723749], "precision": [0.8354122299969577, 0.7435351384240949, 0.8278065104958929, 0.8850015211439002, 0.8399756616975966, 0.8113781563735929, 0.8487982963188317, 0.8177669607544874, 0.8630970489808336, 0.8341953148767873], "recall": [0.8336369156041287, 0.8893740902474527, 0.8548539114043355, 0.8290111142775719, 0.858253030774013, 0.8698630136986302, 0.8611111111111112, 0.8747152619589977, 0.8476247385718554, 0.8660770688566014], "f1": [0.834523628627868, 0.8099420049710024, 0.841112828438949, 0.8560918187168922, 0.8490159901599016, 0.8396033370061389, 0.8549103722996784, 0.8452830188679246, 0.8552909255351222, 0.8498372849837286]}