{"accuracy": [0.8861157094953096], "val_accuracy": [0.8981324278438031], "loss": [8.561321614757484], "val_loss": [7.867294715546273], "precision": [0.4732510288065844], "recall": [0.40069686411149824], "f1": [0.4339622641509434]}