{"accuracy": [0.7563245823389021, 0.7804295942720764, 0.8064439140811456, 0.8348448687350836, 0.8470167064439141, 0.8591885441527446, 0.8651551312649165, 0.890692124105012, 0.9042959427207637, 0.9052505966587112], "val_accuracy": [0.8513990763379516, 0.9339853300733496, 0.810920945395273, 0.8829122521054061, 0.8734039663135018, 0.9198587340396631, 0.878293941863624, 0.9285520239065471, 0.8954088562890519, 0.8967671828307525], "loss": [16.557362089630303, 14.116295076508559, 12.799167074319971, 11.651555222409373, 10.86017979829366, 9.675086708355495, 9.410844498463259, 8.281981949132817, 7.494848124626029, 7.141477130751573], "val_loss": [12.249152455350448, 7.392448265876236, 11.35096013160615, 9.345772032405186, 9.002019422385713, 6.680936653330593, 9.108677590851835, 6.517863544639991, 8.810365530192563, 7.93618623589583], "precision": [0.05, 0.1, 0.2833333333333333, 0.11666666666666667, 0.0, 0.05, 0.03333333333333333, 0.0, 0.03333333333333333, 0.0], "recall": [0.006085192697768763, 0.03076923076923077, 0.025373134328358207, 0.01818181818181818, 0.0, 0.012448132780082987, 0.00510204081632653, 0.0, 0.0060790273556231, 0.0], "f1": [0.0108499095840868, 0.04705882352941177, 0.04657534246575343, 0.031460674157303366, NaN, 0.019933554817275746, 0.008849557522123894, NaN, 0.010282776349614395, NaN]}