{"accuracy": [0.7484342379958246, 0.7657620041753653, 0.781419624217119, 0.7776617954070981, 0.7895615866388309], "val_accuracy": [0.9641765704584041, 0.9168081494057725, 0.9578947368421052, 0.9541595925297114, 0.9570458404074703], "loss": [17.214659538269043, 15.687991037368775, 14.93556561032931, 15.186400479475656, 14.624377404054005], "val_loss": [10.122384939644787, 11.508313577561765, 8.063136943288752, 7.742311973185153, 7.4606144329986055], "precision": [0.1595744680851064, 0.3723404255319149, 0.1595744680851064, 0.2127659574468085, 0.2127659574468085], "recall": [0.10204081632653061, 0.07510729613733906, 0.08152173913043478, 0.09259259259259259, 0.10050251256281408], "f1": [0.12448132780082988, 0.125, 0.1079136690647482, 0.12903225806451613, 0.136518771331058]}