{"accuracy": [0.7708815672306323, 0.7792520035618878, 0.7888691006233304, 0.7918076580587712, 0.797506678539626, 0.7939447907390917, 0.7989314336598398, 0.7992876224398932, 0.8119323241317898, 0.7957257346393588], "val_accuracy": [0.8750424448217318, 0.8636672325976231, 0.8862478777589134, 0.8512733446519525, 0.8529711375212224, 0.8392190152801359, 0.9212224108658743, 0.8191850594227504, 0.867741935483871, 0.9137521222410866], "loss": [13.995917789956444, 12.7151407499259, 12.602570476355377, 12.499945219595547, 12.278206589215161, 12.337911300339929, 12.049438181256297, 12.05632920465578, 11.81863066155007, 12.267452756733636], "val_loss": [8.281102672299824, 7.989510065397701, 7.497165320733109, 8.443990279854955, 8.283040298320152, 8.724558206989958, 6.261123624001001, 9.491976184136158, 7.788714963680989, 6.674705363568422], "precision": [0.4429223744292237, 0.4611872146118721, 0.4246575342465753, 0.5570776255707762, 0.5616438356164384, 0.5981735159817352, 0.3013698630136986, 0.6484018264840182, 0.4794520547945205, 0.3424657534246575], "recall": [0.13642756680731363, 0.12849872773536897, 0.14599686028257458, 0.13540510543840178, 0.13773796192609183, 0.13232323232323231, 0.17506631299734748, 0.1256637168141593, 0.13636363636363635, 0.17084282460136674], "f1": [0.2086021505376344, 0.20099502487562187, 0.21728971962616822, 0.21785714285714286, 0.22122302158273383, 0.21670802315963608, 0.22147651006711408, 0.2105263157894737, 0.21233569261880686, 0.22796352583586627]}