{"accuracy": [0.7680018850141376, 0.8014137606032046, 0.8258246936852026, 0.8467954759660697, 0.8626767200754005, 0.8794533459000943, 0.8937323279924599, 0.9078699340245052, 0.9202639019792649, 0.9313854853911404], "val_accuracy": [0.8106492800869329, 0.8071176310785113, 0.8372724803042652, 0.8864439011138278, 0.8641673458299375, 0.8516707416462918, 0.8875305623471883, 0.8383591415376257, 0.8511274110296115, 0.8687856560717196], "loss": [15.322143508009164, 13.07077914853412, 11.968963291271624, 10.7460392630962, 9.833455000476665, 8.75943212893354, 7.937278355550335, 7.000692563423192, 6.279349597462689, 5.420763092676559], "val_loss": [11.162441799352909, 10.783482992186629, 11.220317647631827, 8.50723443976764, 9.281887503212381, 10.153557257405643, 9.881047577444656, 12.193102610393845, 11.79035949501498, 10.239414265274938], "precision": [0.37987012987012986, 0.474025974025974, 0.551948051948052, 0.36688311688311687, 0.4902597402597403, 0.5032467532467533, 0.36688311688311687, 0.4837662337662338, 0.487012987012987, 0.4707792207792208], "recall": [0.18780096308186195, 0.21037463976945245, 0.2694136291600634, 0.33630952380952384, 0.305668016194332, 0.28284671532846717, 0.34036144578313254, 0.2547008547008547, 0.2777777777777778, 0.3118279569892473], "f1": [0.2513426423200859, 0.29141716566866266, 0.36208732694355694, 0.35093167701863354, 0.3765586034912718, 0.3621495327102804, 0.353125, 0.3337066069428891, 0.35377358490566035, 0.37516170763260026]}