{"accuracy": [0.7132306125047753, 0.7448533469162528, 0.7503289613311261, 0.741500063669935, 0.7521966127594549, 0.754531177044866, 0.7475274841886328, 0.7542764973046394, 0.7562290419797105, 0.7535549047073306], "val_accuracy": [0.734804753820034, 0.7453310696095077, 0.7551782682512733, 0.7495755517826825, 0.7500848896434635, 0.7524617996604415, 0.7529711375212224, 0.7485568760611205, 0.7533106960950764, 0.7500848896434635], "loss": [18.345020122452055, 17.11396330125943, 16.824795779007584, 16.81372768293404, 16.54447366376098, 16.476746682881338, 16.622099398515278, 16.488701681996943, 16.35695643874651, 16.385840693273895], "val_loss": [17.61414644524858, 17.053303493035806, 16.729697889895053, 16.777909086846016, 16.712052434199567, 16.384572958301852, 16.505841421436617, 16.47165942353171, 16.45473132004609, 16.40860673350257], "precision": [0.7096175269216487, 0.7215001856665428, 0.6992202005198663, 0.7586334942443371, 0.7170441886372075, 0.6832528778314148, 0.6943928704047531, 0.6843668770887487, 0.6810248793167472, 0.7040475306349796], "recall": [0.7101449275362319, 0.7215001856665428, 0.7487077534791252, 0.7123430962343096, 0.7311624384702764, 0.7525562372188139, 0.7474020783373302, 0.7449474535165723, 0.7553542009884678, 0.7374562427071178], "f1": [0.7098811292719168, 0.7215001856665428, 0.7231182795698924, 0.7347599352634417, 0.7240344956880389, 0.7162319968859479, 0.7199230028873917, 0.7133733307528547, 0.7162663542276899, 0.7203647416413375]}