{"accuracy": [0.8772392400155099, 0.9044978673904615, 0.9205506010081427, 0.9259402869329197, 0.9353237689026754, 0.9446684761535479, 0.9498642884839085, 0.9550601008142691, 0.9588600232648313, 0.9639782861574253], "val_accuracy": [0.9097133757961784, 0.9364649681528663, 0.9326433121019109, 0.9442675159235668, 0.9447452229299363, 0.9530254777070064, 0.9530254777070064, 0.9517515923566879, 0.945859872611465, 0.9525477707006369], "loss": [9.245058380843835, 7.399003356658199, 6.35056578347612, 5.860399773228849, 5.2925608941994, 4.648976344716904, 4.2328641986100015, 3.836381199582487, 3.4431676944306413, 3.099054669180224], "val_loss": [6.883321618670739, 5.29495400114713, 5.418433934941812, 4.437206843631522, 4.407366871342139, 4.102164807488319, 4.118464674970825, 4.479341852256489, 4.930596647831389, 4.538206159973962], "precision": [0.39081885856079407, 0.4934210526315789, 0.474025974025974, 0.5376146788990825, 0.5385964912280702, 0.6021276595744681, 0.6105990783410138, 0.5982142857142857, 0.5515151515151515, 0.6099290780141844], "recall": [0.8056265984654731, 0.7672634271099744, 0.7468030690537084, 0.7493606138107417, 0.7851662404092071, 0.7237851662404092, 0.6777493606138107, 0.6854219948849105, 0.6982097186700768, 0.659846547314578], "f1": [0.5263157894736842, 0.6006006006006006, 0.5799404170804369, 0.6260683760683761, 0.6389177939646202, 0.6573751451800233, 0.6424242424242425, 0.6388557806912991, 0.6162528216704288, 0.6339066339066339]}