{"accuracy": [0.7678539626001781, 0.7761353517364203, 0.7910952804986643, 0.7930543187889582, 0.790293855743544, 0.7946571682991985, 0.803739982190561, 0.7979519145146928, 0.7943900267141585, 0.8021371326803206], "val_accuracy": [0.8716468590831918, 0.8774193548387097, 0.8774193548387097, 0.8594227504244483, 0.8886247877758914, 0.8553480475382004, 0.8147707979626485, 0.8524617996604414, 0.8816638370118846, 0.8918505942275042], "loss": [14.27947321610573, 13.112611700496782, 12.678029013325347, 12.462352509342368, 12.752215648308779, 12.351699719911288, 12.076646177687197, 12.09385251404553, 12.387945837105102, 12.23058911809894], "val_loss": [8.69424815951167, 7.834246060816017, 7.6891856402964205, 8.09323907542873, 7.453756737709045, 8.278688817733043, 9.581365734822041, 8.594048451732945, 7.470818460632015, 7.222263646125794], "precision": [0.43983402489626555, 0.4315352697095436, 0.48132780082987553, 0.5767634854771784, 0.4896265560165975, 0.6016597510373444, 0.7427385892116183, 0.6224066390041494, 0.46887966804979253, 0.44398340248962653], "recall": [0.14580467675378267, 0.1509433962264151, 0.16269284712482468, 0.1606936416184971, 0.18125960061443933, 0.1609322974472808, 0.14817880794701987, 0.16163793103448276, 0.1656891495601173, 0.17540983606557378], "f1": [0.21900826446280997, 0.22365591397849466, 0.2431865828092243, 0.2513562386980109, 0.2645739910313902, 0.2539404553415061, 0.24706694271911664, 0.2566295979469632, 0.24485373781148428, 0.2514688601645123]}