{"accuracy": [0.7624220837043633, 0.7764915405164737, 0.7863757791629563, 0.7931433659839715, 0.7999109528049867, 0.7980409617097062, 0.7967052537845057, 0.7941228851291184, 0.8078361531611754, 0.8014247551202137], "val_accuracy": [0.8295415959252971, 0.8342954159592529, 0.8398981324278438, 0.8713073005093379, 0.8278438030560271, 0.8056027164685908, 0.899151103565365, 0.8229202037351443, 0.8726655348047538, 0.8229202037351443], "loss": [14.134738781173684, 12.86891578744959, 12.691323043444218, 12.290269764400275, 12.14195401342506, 12.323893992989152, 12.176591119365474, 12.57646521407994, 11.874476721483758, 12.243956204323348], "val_loss": [9.730424984564653, 9.201914430308987, 8.899492132502633, 7.929603464216799, 9.192493713707536, 10.026798759924398, 7.001314936940735, 9.463110498560441, 7.707105955562076, 9.685516123836106], "precision": [0.5836909871244635, 0.6008583690987125, 0.5836909871244635, 0.48068669527896996, 0.6437768240343348, 0.7296137339055794, 0.41630901287553645, 0.6866952789699571, 0.45493562231759654, 0.7253218884120172], "recall": [0.13039309683604985, 0.13685239491691104, 0.1384928716904277, 0.14953271028037382, 0.13876040703052728, 0.13578274760383385, 0.17477477477477477, 0.1415929203539823, 0.14540466392318244, 0.14721254355400698], "f1": [0.21316614420062696, 0.22292993630573246, 0.22386831275720168, 0.2281059063136456, 0.22831050228310498, 0.2289562289562289, 0.24619289340101524, 0.23477622890682318, 0.2203742203742204, 0.2447501810282404]}