{"accuracy": [0.7943270971635485, 0.8230537115268558, 0.8350633675316838, 0.8467109233554617, 0.8619794809897405, 0.8788774894387448, 0.8889559444779722, 0.9013880506940254, 0.915811707905854, 0.920156910078455], "val_accuracy": [0.8918789808917198, 0.8649681528662421, 0.8436305732484076, 0.789968152866242, 0.8081210191082803, 0.8585987261146497, 0.8390127388535031, 0.8734076433121019, 0.9095541401273886, 0.8420382165605096], "loss": [13.004370164341909, 11.538190714871101, 11.019291554638778, 10.269502824625453, 9.554978995134471, 8.627953442022147, 8.061947675515325, 7.37436410911295, 6.441864266473814, 6.094483422669205], "val_loss": [7.691872103111393, 9.128870644999035, 9.797376921485522, 13.262137184893419, 11.186892131107108, 9.262277918948135, 10.314324757760287, 9.093634682163824, 7.719621204425992, 10.332730026528012], "precision": [0.17766497461928935, 0.18463302752293578, 0.16988416988416988, 0.1392226148409894, 0.13864541832669322, 0.16853932584269662, 0.14737883283877348, 0.1628222523744912, 0.16911764705882354, 0.1437371663244353], "recall": [0.3523489932885906, 0.540268456375839, 0.5906040268456376, 0.6610738255033557, 0.5838926174496645, 0.5033557046979866, 0.5, 0.40268456375838924, 0.23154362416107382, 0.4697986577181208], "f1": [0.2362204724409449, 0.27521367521367524, 0.2638680659670165, 0.23000583771161706, 0.2240824211204121, 0.25252525252525254, 0.22765469824293352, 0.23188405797101447, 0.1954674220963173, 0.220125786163522]}