{"accuracy": [0.8712679333074835, 0.908336564559907, 0.9297789841023653, 0.9438929817758821, 0.9554090732842186, 0.9624272974020939, 0.9685537029856534, 0.9716169057774331, 0.9789453276463745, 0.9805350911205893], "val_accuracy": [0.9375796178343949, 0.9280254777070064, 0.9248407643312102, 0.9372611464968152, 0.9401273885350319, 0.9450636942675159, 0.9511146496815287, 0.9514331210191083, 0.9490445859872612, 0.9535031847133758], "loss": [14.722961132632756, 10.869714805489357, 8.60994277335011, 7.1625721066961665, 5.696179435882703, 4.86684255238941, 4.122439335408486, 3.77622346660697, 2.9159367864494485, 2.6846228374746457], "val_loss": [7.529660399064763, 7.980836178510244, 9.0507871394849, 8.284584701061249, 7.984862293564636, 8.779675869854124, 7.976023402662222, 8.996038473161464, 9.14791845397327, 9.285084775528153], "precision": [0.5933503836317136, 0.7774936061381074, 0.8056265984654731, 0.7698209718670077, 0.7186700767263428, 0.6547314578005116, 0.5933503836317136, 0.6138107416879796, 0.6240409207161125, 0.6265984654731458], "recall": [0.4989247311827957, 0.45440956651718983, 0.4430379746835443, 0.4975206611570248, 0.5137111517367459, 0.5493562231759657, 0.6105263157894737, 0.6091370558375635, 0.5851318944844125, 0.6265984654731458], "f1": [0.5420560747663551, 0.5735849056603773, 0.5716878402903811, 0.6044176706827309, 0.5991471215351812, 0.5974329054842473, 0.6018158236057068, 0.6114649681528663, 0.603960396039604, 0.6265984654731458]}