{"accuracy": [0.8592045502780253], "val_accuracy": [0.8395585738539898], "loss": [10.713290004648542], "val_loss": [12.754956472161654], "precision": [0.8347536124490552], "recall": [0.8186773255813954], "f1": [0.8266373142542653]}