{"accuracy": [0.776932629618131, 0.8253647935423781, 0.8420133498913381, 0.8535780813411984, 0.8541601986960571, 0.8687131325675256, 0.872516299285936, 0.8748835765290283, 0.8847019559143123, 0.8925023284694195], "val_accuracy": [0.773702798152676, 0.8155392556370551, 0.8122792719369737, 0.8318391741374627, 0.8399891333876663, 0.8264058679706602, 0.8367291496875849, 0.8408041293126868, 0.830480847595762, 0.8204292311871774], "loss": [15.443827079780048, 12.873900657699954, 12.00906231030637, 11.35951373713188, 11.202725385022223, 10.315794752490136, 10.021078395340638, 9.726969956020563, 9.156197337595463, 8.736478934512837], "val_loss": [15.709761034311919, 13.839432513405537, 13.754835706332635, 13.293579734348018, 12.376495148344286, 12.616355028645746, 12.914612480792506, 12.121482728370305, 12.083958610892296, 13.008016268754828], "precision": [0.9348441926345609, 0.9042492917847026, 0.8696883852691218, 0.9087818696883853, 0.8804532577903683, 0.7835694050991502, 0.8594900849858357, 0.851558073654391, 0.8198300283286118, 0.7711048158640227], "recall": [0.6967905405405406, 0.7578347578347578, 0.7690380761523046, 0.7778855480116392, 0.8043478260869565, 0.8432926829268292, 0.8112299465240642, 0.8226600985221675, 0.8254420992584142, 0.8411619283065513], "f1": [0.7984514880232277, 0.8245931283905968, 0.8162722680138261, 0.8382545074470865, 0.8406816337571004, 0.8123348017621145, 0.8346629986244842, 0.836859688195991, 0.8226264923251847, 0.8046112917528822]}