{"accuracy": [0.8145146927871773], "val_accuracy": [0.9079796264855687], "loss": [11.669678062794894], "val_loss": [6.341544852305103], "precision": [0.502283105022831], "recall": [0.20257826887661143], "f1": [0.2887139107611548]}