{"accuracy": [0.7951731374606505, 0.8137460650577125, 0.8244491080797481, 0.8352570828961176, 0.8410283315844701, 0.8500524658971669, 0.8601259181532004, 0.8708289611752361, 0.887093389296957, 0.9037775445960126], "val_accuracy": [0.8160825862537354, 0.8245042108122793, 0.819614235262157, 0.7647378429774517, 0.7908177125781037, 0.8318391741374627, 0.8437924477044282, 0.8753056234718827, 0.8785656071719642, 0.8875305623471883], "loss": [12.321710150513873, 11.627432156329187, 11.17926065093719, 10.521028694690473, 10.402268183511376, 9.993902134215272, 9.341240704459633, 8.620293456536011, 8.056216754369288, 7.088140141843949], "val_loss": [8.175968747329096, 8.661479562264065, 9.02622732783443, 10.432875826697925, 10.994649951185647, 9.684582409894512, 8.329791059139474, 8.028408249334335, 7.584469829734158, 7.720556953530518], "precision": [0.6058823529411764, 0.6, 0.6294117647058823, 0.7764705882352941, 0.7058823529411765, 0.6176470588235294, 0.5529411764705883, 0.43529411764705883, 0.4294117647058823, 0.4235294117647059], "recall": [0.14446002805049088, 0.15, 0.15112994350282485, 0.1375, 0.14285714285714285, 0.15933232169954475, 0.15851602023608768, 0.16933638443935928, 0.17257683215130024, 0.18556701030927836], "f1": [0.2332955832389581, 0.24, 0.2437357630979499, 0.23362831858407082, 0.2376237623762376, 0.25331724969843183, 0.24639580602883354, 0.2438220757825371, 0.24620573355817874, 0.25806451612903225]}