{"accuracy": [0.7482254697286013, 0.7382045929018789, 0.7586638830897704, 0.7496868475991649, 0.7538622129436325, 0.7778705636743215, 0.765553235908142, 0.7661795407098121, 0.7674321503131524, 0.7749478079331942], "val_accuracy": [0.9837011884550085, 0.9835314091680815, 0.9465195246179966, 0.9758913412563667, 0.9797962648556876, 0.9730050933786079, 0.9499151103565365, 0.9546689303904924, 0.9745331069609507, 0.9592529711375212], "loss": [17.77779891928037, 17.44022532582283, 16.445297950108845, 16.54487679163615, 16.153141407171884, 15.443304493427277, 15.873958245118459, 15.742675762176514, 15.685033531188965, 15.377810012102128], "val_loss": [8.496403940303905, 8.34005663620459, 12.185221359536454, 9.847294348961599, 8.065463461424853, 8.941638744843972, 10.311974669791557, 9.77033089495994, 7.807238153831379, 8.854690262916925], "precision": [0.0, 0.0, 0.1875, 0.11458333333333333, 0.09375, 0.09375, 0.22916666666666666, 0.22916666666666666, 0.10416666666666667, 0.20833333333333334], "recall": [0, 0.0, 0.07058823529411765, 0.16176470588235295, 0.21951219512195122, 0.1111111111111111, 0.09053497942386832, 0.10232558139534884, 0.13513513513513514, 0.10869565217391304], "f1": [NaN, NaN, 0.10256410256410257, 0.13414634146341461, 0.13138686131386862, 0.10169491525423728, 0.12979351032448377, 0.1414790996784566, 0.11764705882352941, 0.14285714285714285]}