{"accuracy": [0.8980862347244639, 0.9107678118515102, 0.9172008300668665, 0.918030896933364, 0.9224348628083929, 0.9245330873875951, 0.9253170394281761, 0.9271385750518791, 0.9290753977403735, 0.9334101913765276], "val_accuracy": [0.9028662420382165, 0.9079617834394904, 0.9097133757961784, 0.9113057324840764, 0.9070063694267516, 0.9097133757961784, 0.910031847133758, 0.9057324840764331, 0.888375796178344, 0.9071656050955414], "loss": [8.549039395905174, 7.556345205039753, 7.134744082404449, 6.918195529145828, 6.5918238328269805, 6.446964278157833, 6.309903333353698, 6.167995240989864, 5.986959135154356, 5.638487435410288], "val_loss": [8.324227022035473, 8.232977240218728, 8.0842460533084, 7.686372449404092, 7.911710944423821, 7.928092166403223, 7.949847704414184, 7.886706927403581, 8.700851293082165, 8.508763755562947], "precision": [0.8752593360995851, 0.8835867855270058, 0.8807363235675395, 0.8763729246487867, 0.8882978723404256, 0.8883893149960328, 0.8827819744725189, 0.8845747490755415, 0.8951226388497322, 0.8858652575957728], "recall": [0.9631849315068494, 0.96175799086758, 0.9694634703196348, 0.9791666666666666, 0.9531963470319634, 0.9586187214611872, 0.9671803652968036, 0.9557648401826484, 0.906107305936073, 0.956906392694064], "f1": [0.9171195652173915, 0.9210166712216452, 0.9229724222252412, 0.9249224962933009, 0.9196035242290749, 0.922168840082361, 0.9230559716737029, 0.918792866941015, 0.9005814778045667, 0.9200164631636712]}