{"accuracy": [0.7828702266376901, 0.8227258615336852, 0.8346010555728035, 0.8504346476249612, 0.8509003415088482, 0.8565662837628066, 0.8690624029804409, 0.8744566904687985, 0.8819077926109904, 0.8942874883576529], "val_accuracy": [0.8185275740287965, 0.8223308883455582, 0.8359141537625645, 0.8331975006791633, 0.8149959250203749, 0.8394458027709861, 0.8397174680793262, 0.8307525129041021, 0.8315675088291226, 0.8432491170877479], "loss": [14.99542957499956, 12.655843559033226, 11.885339933056985, 11.027065146353937, 10.73756882659259, 10.394590905227377, 9.692047033357266, 9.471071334689782, 8.921937079050997, 8.34573688563283], "val_loss": [12.834733462153837, 13.014490761633578, 11.534437882489172, 11.507414549846073, 12.269508141446217, 12.406944169052716, 11.95431006211659, 12.54019839650598, 13.224067355610494, 12.217279829129783], "precision": [0.7590299277605779, 0.7765737874097007, 0.8173374613003096, 0.8281733746130031, 0.9195046439628483, 0.7930856553147575, 0.8353973168214655, 0.7466460268317854, 0.8498452012383901, 0.827141382868937], "recall": [0.8797846889952153, 0.8719582850521437, 0.8636859323882224, 0.8510074231177094, 0.7724317295188556, 0.889982628836132, 0.8566137566137566, 0.9164027865737808, 0.833502024291498, 0.8688346883468835], "f1": [0.8149584487534627, 0.8215065502183406, 0.8398727465535524, 0.8394351464435146, 0.8395759717314487, 0.8387448840381991, 0.8458725182863114, 0.8228603923798691, 0.8415942769545224, 0.8474755485064763]}