{"accuracy": [0.7560859188544152, 0.7990453460620525, 0.8174224343675418, 0.8391408114558473, 0.8610978520286396, 0.8649164677804296, 0.8675417661097852, 0.8928400954653938, 0.8978520286396181, 0.9059665871121718], "val_accuracy": [0.9290953545232273, 0.9570768812822602, 0.928280358598207, 0.8687856560717196, 0.8948655256723717, 0.8856289051888074, 0.9342569953816897, 0.9318120076066286, 0.947840260798696, 0.9269220320565064], "loss": [16.262036314447418, 13.623222815171452, 12.592306941520167, 11.480636312306382, 10.344573389482862, 9.487573387058637, 9.142986476648854, 7.970457828681887, 7.724673968007546, 7.018212095471739], "val_loss": [7.059131107806903, 9.508636522074712, 7.016270825960513, 9.790576230606128, 8.06466388972155, 9.492912023231101, 7.465992171788018, 6.951934807725122, 6.554544959266736, 8.599244447408948], "precision": [0.03333333333333333, 0.03333333333333333, 0.016666666666666666, 0.06666666666666667, 0.016666666666666666, 0.05, 0.08333333333333333, 0.0, 0.03333333333333333, 0.0], "recall": [0.00975609756097561, 0.0196078431372549, 0.0048543689320388345, 0.009280742459396751, 0.00303951367781155, 0.008174386920980926, 0.026041666666666668, 0.0, 0.014705882352941176, 0.0], "f1": [0.01509433962264151, 0.024691358024691357, 0.007518796992481202, 0.016293279022403257, 0.005141388174807198, 0.014051522248243558, 0.03968253968253969, NaN, 0.020408163265306124, NaN]}