{"accuracy": [0.7118723205568998, 0.7416698501634195, 0.7491404558767351, 0.7437072880852328, 0.7582664799015238, 0.7559743622394839, 0.757162867693875, 0.7535973513307016, 0.7557621291226283, 0.7525361857464239], "val_accuracy": [0.7322580645161291, 0.7295415959252971, 0.7553480475382003, 0.7427843803056027, 0.765874363327674, 0.764685908319185, 0.7721561969439729, 0.7643463497453311, 0.7702886247877759, 0.7633276740237691], "loss": [18.413962811514676, 17.064108699600602, 16.679992046980555, 16.75796353242776, 16.27567903796562, 16.351964300935595, 16.18761721099733, 16.258013664584308, 16.284631767379704, 16.280374659167215], "val_loss": [17.64195615504239, 17.442458154059747, 16.426243418938405, 16.86436922356889, 16.029593181610107, 15.870733800449887, 15.840070779903515, 15.98305053775375, 15.710271374921541, 16.01022386003185], "precision": [0.6971066907775768, 0.6630500301386377, 0.7697408077154912, 0.6989150090415913, 0.8161543098251959, 0.7860156720916215, 0.8405666063893912, 0.7655213984327909, 0.8580470162748643, 0.7573839662447257], "recall": [0.801733102253033, 0.822429906542056, 0.7904673475704116, 0.817989417989418, 0.7788323267184354, 0.7941534713763703, 0.7742920599666852, 0.8063492063492064, 0.7634754625905068, 0.8101225016118633], "f1": [0.745768176688699, 0.7341898882029034, 0.7799664070850512, 0.7537786445636274, 0.7970566593083149, 0.7900636170857316, 0.8060693641618496, 0.7854050711193569, 0.8080034057045551, 0.7828660436137072]}