{"class_0": {"precision": 0.614130437374115, "recall": 0.7337662577629089, "F1": 0.6686390647533906}, "class_1": {"precision": 0.1977401077747345, "recall": 0.5833333134651184, "F1": 0.29535864141961166}, "class_2": {"precision": 0.925000011920929, "recall": 0.9643059372901917, "F1": 0.9442441060023097}, "class_3": {"precision": 0.948756217956543, "recall": 0.9840041399002075, "F1": 0.9660587691901488}, "class_4": {"precision": 0.17931035161018372, "recall": 0.6117647290229797, "F1": 0.2773333438237508}}