{"class_0": {"precision": 0.6770833134651184, "recall": 0.6331169009208679, "F1": 0.6543624163382725}, "class_1": {"precision": 0.23529411852359772, "recall": 0.3333333432674408, "F1": 0.27586207296987203}, "class_2": {"precision": 0.9079787135124207, "recall": 0.9671388268470764, "F1": 0.9366255169477676}, "class_3": {"precision": 0.9746434092521667, "recall": 0.9520123600959778, "F1": 0.963194969289275}, "class_4": {"precision": 0.21844659745693207, "recall": 0.529411792755127, "F1": 0.3092783508068669}}