{"accuracy": [0.7680190930787589, 0.7985680190930787, 0.8131264916467781, 0.8360381861575179, 0.856563245823389, 0.8551312649164677, 0.8735083532219571, 0.8854415274463007, 0.8971360381861575, 0.9062052505966587], "val_accuracy": [0.8967671828307525, 0.9051888073892964, 0.8997555012224939, 0.8983971746807933, 0.9057321380059766, 0.923933713664765, 0.9054604726976365, 0.9331703341483293, 0.9453952730236349, 0.8937788644390111], "loss": [16.276101197450217, 13.73430455504483, 12.677800373266672, 11.197016824292772, 9.879511154334963, 10.344218463388108, 9.228972697530994, 8.08430217581851, 7.442019288776485, 7.203238875356339], "val_loss": [10.833481768852678, 8.260386400181671, 6.974098042938216, 7.879225311319119, 7.250230397065652, 6.558887115579323, 7.243786006025841, 7.365433522748986, 5.87360818915317, 9.51832643475841], "precision": [0.2, 0.08333333333333333, 0.1, 0.1, 0.0, 0.03333333333333333, 0.06666666666666667, 0.0, 0.0, 0.0], "recall": [0.03488372093023256, 0.016722408026755852, 0.018691588785046728, 0.018404907975460124, 0.0, 0.008928571428571428, 0.013513513513513514, 0.0, 0.0, 0.0], "f1": [0.0594059405940594, 0.027855153203342618, 0.03149606299212598, 0.031088082901554404, NaN, 0.01408450704225352, 0.02247191011235955, NaN, NaN, NaN]}