{"accuracy": [0.7431979286047795, 0.7538520310709284, 0.7626384821087483, 0.7727407784710726, 0.7814423362621503, 0.7796595780805637, 0.7818243558724903, 0.7908654866505369, 0.7934122840528036, 0.795492168597988], "val_accuracy": [0.8047538200339559, 0.8682512733446519, 0.8205432937181664, 0.8308998302207131, 0.902376910016978, 0.8908319185059422, 0.8482173174872666, 0.8699490662139219, 0.8981324278438031, 0.8624787775891342], "loss": [17.44206149202836, 16.28213776508536, 15.806212931871414, 15.381684557149336, 14.916276028554185, 14.747844644487309, 14.587976916512446, 14.148765401770659, 13.844981034542844, 13.67233352464203], "val_loss": [12.347630661564905, 11.88604445972958, 12.321875523071032, 12.156301943675892, 9.273047401776186, 9.288628741857169, 10.960107958638991, 10.391412530396435, 8.601452014575134, 9.842341518079913], "precision": [0.39232409381663114, 0.24946695095948826, 0.42217484008528783, 0.40298507462686567, 0.1044776119402985, 0.24733475479744135, 0.4136460554371002, 0.4051172707889126, 0.2302771855010661, 0.4115138592750533], "recall": [0.1754051477597712, 0.21626617375231053, 0.20121951219512196, 0.20883977900552486, 0.24019607843137256, 0.2857142857142857, 0.23862238622386223, 0.28064992614475626, 0.3112391930835735, 0.265474552957359], "f1": [0.2424242424242424, 0.23168316831683167, 0.2725395732966277, 0.2751091703056769, 0.14561664190193163, 0.2651428571428571, 0.30265210608424337, 0.331588132635253, 0.2647058823529412, 0.3227424749163879]}