{"accuracy": [0.7507306889352818, 0.7484342379958246, 0.7526096033402923, 0.7528183716075156, 0.765553235908142, 0.7680584551148225, 0.762839248434238, 0.7745302713987474, 0.7762004175365345, 0.7812108559498956], "val_accuracy": [0.9821731748726655, 0.9821731748726655, 0.9818336162988115, 0.9743633276740238, 0.9755517826825127, 0.9648556876061121, 0.9504244482173175, 0.9697792869269949, 0.9599320882852292, 0.933446519524618], "loss": [17.80535389105479, 17.230519445737205, 16.632313317457836, 16.34386094411214, 15.753635598023733, 15.616192520459492, 15.805928277969361, 15.339502762158713, 15.100126535892487, 15.176483093102773], "val_loss": [10.027281823995951, 9.078088081527401, 8.262128961569553, 8.734829055940782, 8.21623999170355, 9.171719806742024, 10.152170253444362, 7.844644384811053, 8.637189875019564, 10.450619904737215], "precision": [0.0, 0.0, 0.02857142857142857, 0.05714285714285714, 0.047619047619047616, 0.10476190476190476, 0.24761904761904763, 0.08571428571428572, 0.12380952380952381, 0.2761904761904762], "recall": [0, 0, 0.375, 0.10344827586206896, 0.10204081632653061, 0.08870967741935484, 0.1087866108786611, 0.0989010989010989, 0.08280254777070063, 0.08405797101449275], "f1": [NaN, NaN, 0.05309734513274336, 0.07361963190184048, 0.06493506493506494, 0.0960698689956332, 0.15116279069767444, 0.09183673469387756, 0.09923664122137406, 0.1288888888888889]}