{"accuracy": [0.7701412604781124, 0.821445203352996, 0.834212977336231, 0.8473688295560385, 0.8515212666873642, 0.861145606954362, 0.8689847873331263, 0.8751940391182862, 0.8829167960260789, 0.8878453896305495], "val_accuracy": [0.7457212713936431, 0.7883727248030427, 0.8280358598207009, 0.8356424884542244, 0.8258625373539799, 0.832654170062483, 0.8443357783211084, 0.8372724803042652, 0.8448791089377886, 0.8386308068459658], "loss": [15.560384581757539, 12.815704157867147, 11.988001904475778, 11.281687002841652, 10.850072117360591, 10.199648593111014, 9.774558511916224, 9.342280347353176, 8.987858925060953, 8.571885845353526], "val_loss": [16.90944777480487, 14.259911593692056, 12.414335455617, 12.49526143947552, 12.462958161173196, 11.940082540285998, 11.536056033496198, 12.314451749468672, 11.883142397000357, 12.489747186159265], "precision": [0.5598555211558307, 0.6558307533539731, 0.7843137254901961, 0.7905056759545923, 0.7347781217750258, 0.8199174406604747, 0.8292053663570691, 0.8003095975232198, 0.8617131062951496, 0.7972136222910217], "recall": [0.9289383561643836, 0.9190166305133767, 0.8760806916426513, 0.8850375505488157, 0.9181173436492586, 0.8561422413793104, 0.869118442401298, 0.8797504254112308, 0.8464267612772428, 0.8848797250859106], "f1": [0.6986477784932389, 0.7654320987654321, 0.827661312278791, 0.8351049332243118, 0.81627973631413, 0.8376383763837638, 0.8486928967520464, 0.8381518508511213, 0.8540015341344924, 0.8387622149837135]}