{"accuracy": [0.7786401738590499, 0.819116733933561, 0.8407714995343061, 0.8463986339646072, 0.859127600124185, 0.8604082583048742, 0.8682862465072959, 0.874223843526855, 0.8823734864948773, 0.8889708165166097], "val_accuracy": [0.8019559902200489, 0.7791361043194784, 0.8147242597120348, 0.8272208638956805, 0.8144525944036947, 0.8274925292040206, 0.8353708231458843, 0.8350991578375442, 0.8242325455039391, 0.8323825047541429], "loss": [15.397466395096506, 13.2264457038851, 12.047217932883326, 11.709593023134225, 10.954232280514672, 10.755454347979638, 10.222163740369878, 9.849395621503257, 9.149349365429606, 8.820708790133077], "val_loss": [14.077506151949537, 14.536316435398726, 13.26622424660058, 12.736531132254107, 12.859097775714151, 12.39005477007093, 12.184610399963526, 12.975604787211994, 13.720886848995399, 13.250695887824584], "precision": [0.8815864022662889, 0.9206798866855525, 0.748441926345609, 0.9036827195467422, 0.8464589235127479, 0.8730878186968839, 0.8912181303116147, 0.909915014164306, 0.9048158640226629, 0.8923512747875354], "recall": [0.7495183044315993, 0.7071366405570061, 0.8473380372033354, 0.7738961669092673, 0.7838405036726128, 0.7894467213114754, 0.7916456970306995, 0.7818889970788705, 0.7692678227360308, 0.7867132867132867], "f1": [0.8102056756053111, 0.7999015505783903, 0.7948255114320095, 0.8337689492943021, 0.813947153364206, 0.8291633037395749, 0.8384861407249466, 0.841057868551977, 0.83155428273887, 0.8362091850278736]}