{"accuracy": [0.6971008956237531, 0.7385712466573284, 0.7426036758775839, 0.7460418523706439, 0.7558470223693705, 0.7551678763954327, 0.7548283034084639, 0.7555074493824017, 0.7532577783437328, 0.7574599940574728], "val_accuracy": [0.7404074702886247, 0.7438030560271647, 0.7419354838709677, 0.7548387096774194, 0.7538200339558574, 0.7589134125636672, 0.766044142614601, 0.7526315789473684, 0.7575551782682513, 0.7611205432937181], "loss": [18.740028429427657, 17.217979129449322, 16.944514177628417, 16.66591985687472, 16.4342449528634, 16.35160836185173, 16.332342909181456, 16.26889936280218, 16.346517548996204, 16.16569842832868], "val_loss": [17.209353166013152, 16.724535813524916, 16.948471098977166, 16.427417587750668, 16.394903435094935, 16.095710203454303, 15.916584483997243, 16.43901074158179, 16.146176582333204, 15.991120687127113], "precision": [0.8040123456790124, 0.7904320987654321, 0.6953703703703704, 0.7660493827160494, 0.7429012345679012, 0.796604938271605, 0.7984567901234568, 0.7271604938271605, 0.7469135802469136, 0.8104938271604938], "recall": [0.7444984281223207, 0.7552344441167798, 0.8086862885857861, 0.7834595959595959, 0.7959656084656085, 0.7722920406941951, 0.7810990338164251, 0.8043700921816319, 0.7992073976221928, 0.7680608365019012], "f1": [0.7731117376465352, 0.7724325139496306, 0.7477597079322933, 0.7746566791510612, 0.7685185185185185, 0.7842601033120632, 0.7896825396825397, 0.7638190954773869, 0.7721761327377155, 0.7887070130650249]}