{"accuracy": [0.8020986358866736, 0.8037775445960126, 0.8119622245540399, 0.8182581322140609, 0.831794333683106, 0.8227701993704092, 0.838405036726128, 0.8481636935991606, 0.853305351521511, 0.8679958027282266], "val_accuracy": [0.7701711491442543, 0.7136647650095083, 0.726161369193154, 0.7299646835099158, 0.7017114914425427, 0.845694104862809, 0.8753056234718827, 0.8005976636783483, 0.7943493615865254, 0.8519424069546319], "loss": [12.133267950491618, 12.220722041574101, 12.041977515756685, 11.309496504348397, 10.83933952410749, 11.12880880020609, 10.340178936719894, 9.970715021527054, 9.604757801298327, 8.873231104556346], "val_loss": [8.366664766237653, 9.399747823332918, 11.544162818583949, 11.082466733095975, 20.028446184663938, 7.9976350390191735, 8.348595542640522, 9.537234565307354, 9.85859172688476, 9.334512836396181], "precision": [0.7352941176470589, 0.8588235294117647, 0.8529411764705882, 0.8529411764705882, 0.9, 0.5, 0.35294117647058826, 0.611764705882353, 0.6235294117647059, 0.5176470588235295], "recall": [0.13498920086393087, 0.12414965986394558, 0.12854609929078015, 0.13016157989228008, 0.1239870340356564, 0.14964788732394366, 0.1466992665036675, 0.13471502590673576, 0.13266583229036297, 0.15970961887477314], "f1": [0.2281021897810219, 0.21693907875185736, 0.22342064714946072, 0.22585669781931467, 0.21794871794871795, 0.23035230352303523, 0.2072538860103627, 0.2208067940552017, 0.21878224974200208, 0.24410540915395282]}