{"accuracy": [0.7757295870847563, 0.8194660043464762, 0.8333592052157714, 0.8434104315429991, 0.8490763737969574, 0.8575364793542378, 0.8644442719652282, 0.8768239677118908, 0.880277864017386, 0.8858273828003725], "val_accuracy": [0.8079326270035316, 0.7908177125781037, 0.839174137462646, 0.8342841619125237, 0.8350991578375442, 0.8334691659875034, 0.8356424884542244, 0.8389024721543059, 0.8475957620211899, 0.8378158109209454], "loss": [15.1714447224998, 12.780127572806242, 12.059404800606721, 11.339129785302259, 10.93933080354932, 10.416381502565615, 10.087788685379786, 9.406508658127512, 9.076055743927991, 8.661595788620247], "val_loss": [12.867888953922124, 14.01059259063211, 11.765841916460415, 11.916261222470423, 11.625854820013046, 12.224166552311388, 11.453129646593126, 11.721344158310314, 11.72916228838008, 11.786849766455848], "precision": [0.8673890608875129, 0.6635706914344686, 0.8565531475748194, 0.8163054695562435, 0.8534571723426213, 0.7936016511867905, 0.8137254901960784, 0.8194014447884417, 0.8575851393188855, 0.8054695562435501], "recall": [0.7888315344908494, 0.915954415954416, 0.8409321175278622, 0.8616557734204793, 0.8366211431461811, 0.8783552255853798, 0.8660076880834706, 0.8672856362643364, 0.8536209553158706, 0.8764738910724312], "f1": [0.8262472351929221, 0.7695990424895273, 0.8486707566462168, 0.83836777954425, 0.844955300127714, 0.8338303063160748, 0.8390529396115988, 0.8426638365614222, 0.8555984555984557, 0.8394729766066148]}