{"accuracy": [0.7274077847107263, 0.7415425102933062, 0.7461267456173861, 0.749904495097415, 0.7476972706821172], "val_accuracy": [0.7178268251273344, 0.7499151103565365, 0.7404074702886247, 0.7132427843803056, 0.7541595925297113], "loss": [17.578066627076716, 16.98250712258198, 16.777099289394297, 16.63134149230481, 16.63605594740147], "val_loss": [17.850869568296382, 16.628218971152563, 17.09432427963695, 18.06096315383911, 16.370964105709177], "precision": [0.8239277652370203, 0.7844243792325056, 0.8175319789315275, 0.8551542513167796, 0.7705041384499624], "recall": [0.6471631205673759, 0.6984924623115578, 0.6754740441405036, 0.6354487000279564, 0.7096327096327096], "f1": [0.7249255213505461, 0.7389686337054758, 0.7397446808510638, 0.7291098636728148, 0.7388167388167388]}