{"accuracy": [0.7542797494780793, 0.7617954070981211, 0.7517745302713987, 0.7722338204592902, 0.761169102296451, 0.7776617954070981, 0.762839248434238, 0.7713987473903967, 0.7699373695198329, 0.7718162839248435], "val_accuracy": [0.9828522920203735, 0.9767402376910017, 0.9786078098471986, 0.9825127334465196, 0.9760611205432937, 0.9723259762308998, 0.9446519524617997, 0.9621392190152801, 0.967402376910017, 0.9713073005093379], "loss": [17.46680440982183, 16.53279431581497, 16.72391278107961, 15.610807013511657, 15.976442095041275, 15.31631415049235, 15.696681565443674, 15.838820322752, 15.49828661441803, 15.258193058172862], "val_loss": [9.360995594875233, 11.071135986173475, 9.113627160884239, 6.904680856498512, 8.75183774393958, 8.108710089889733, 10.18676146107751, 9.18743989789808, 8.419088824053068, 7.508771896362305], "precision": [0.0, 0.02, 0.03, 0.01, 0.04, 0.05, 0.18, 0.14, 0.1, 0.1], "recall": [0.0, 0.04878048780487805, 0.09375, 0.2, 0.08163265306122448, 0.0684931506849315, 0.06870229007633588, 0.09271523178807947, 0.08928571428571429, 0.11235955056179775], "f1": [NaN, 0.028368794326241134, 0.045454545454545456, 0.019047619047619046, 0.053691275167785234, 0.057803468208092484, 0.09944751381215469, 0.11155378486055777, 0.09433962264150945, 0.10582010582010581]}