{"accuracy": [0.9014987318422873, 0.9143417108600415, 0.9177080931519483, 0.924256398432096, 0.9252017523633849, 0.9324417800322804, 0.9363384828222273, 0.9436015679040811, 0.9513027438321421, 0.955637537468296], "val_accuracy": [0.9044585987261147, 0.9038216560509554, 0.9078025477707007, 0.9078025477707007, 0.9007961783439491, 0.9084394904458599, 0.9038216560509554, 0.8936305732484077, 0.8963375796178344, 0.8969745222929937], "loss": [12.688112933023842, 11.083809106553023, 10.600295909408446, 9.814749328930557, 9.482277370214595, 8.696822761533271, 8.050471813805336, 7.3322416560114485, 6.382563276447158, 5.693970914287245], "val_loss": [12.729858360217728, 12.984788978372821, 12.30824962918085, 12.400084731460527, 12.765628232755734, 12.982044088362738, 13.296836186228818, 15.153918241385286, 16.010191249142167, 14.572849086450256], "precision": [0.9651826484018264, 0.9529109589041096, 0.968607305936073, 0.978310502283105, 0.9369292237442922, 0.968607305936073, 0.9380707762557078, 0.9337899543378996, 0.9317922374429224, 0.946917808219178], "recall": [0.8761658031088083, 0.8838009528851244, 0.8785917680559151, 0.8720427372169931, 0.8909090909090909, 0.8795024617776626, 0.8946652150244965, 0.8824163969795038, 0.8879521348925755, 0.8780100555702567], "f1": [0.9185225420966867, 0.9170557539137598, 0.9214062712094475, 0.9221250840618694, 0.9133398247322297, 0.9219068314545701, 0.9158539983282252, 0.9073765945646146, 0.909344102492689, 0.9111629822875188]}