{"accuracy": [0.7527446300715991, 0.7835322195704058, 0.8119331742243436, 0.8276849642004773, 0.8515513126491647, 0.8632458233890214, 0.8816229116945108, 0.8968973747016706, 0.8973747016706444, 0.9152744630071599], "val_accuracy": [0.9837000814995925, 0.9641401792991035, 0.895680521597392, 0.923933713664765, 0.9557185547405597, 0.8557457212713936, 0.8837272480304265, 0.8815539255637055, 0.8859005704971475, 0.9497419179570769], "loss": [17.168319321770703, 15.036812245390797, 13.055668351759437, 11.842574880778335, 10.501282197601013, 9.633453036992604, 8.652921048511985, 7.918740530960433, 7.619245142654608, 6.654328836512019], "val_loss": [9.349916234098632, 4.819722788143453, 9.806040207264294, 7.627665855070768, 5.296794348685392, 11.309606177726327, 9.151958908813459, 9.756695288744657, 8.737939582793905, 6.485033370461945], "precision": [0.0, 0.0, 0.03333333333333333, 0.0, 0.016666666666666666, 0.08333333333333333, 0.05, 0.03333333333333333, 0.016666666666666666, 0.016666666666666666], "recall": [0, 0.0, 0.006097560975609756, 0.0, 0.009523809523809525, 0.010395010395010396, 0.008021390374331552, 0.005263157894736842, 0.0027624309392265192, 0.007874015748031496], "f1": [NaN, NaN, 0.010309278350515464, NaN, 0.012121212121212121, 0.018484288354898338, 0.013824884792626729, 0.00909090909090909, 0.004739336492890996, 0.0106951871657754]}