{"accuracy": [0.8617529880478088, 0.9171314741035856, 0.9300796812749004, 0.9412350597609562, 0.95, 0.950398406374502, 0.9553784860557769, 0.9655378486055777, 0.9679282868525897, 0.9727091633466135], "val_accuracy": [0.9488853503184713, 0.942515923566879, 0.9437898089171974, 0.9509554140127389, 0.9726114649681529, 0.9718152866242038, 0.9781847133757962, 0.9627388535031847, 0.9718152866242038, 0.9681528662420382], "loss": [10.59208329088369, 7.12680143288746, 5.832810892041322, 4.875445179688703, 4.585625859202852, 4.332456666572838, 3.684457455376151, 3.161463499069214, 3.0171948929501187, 2.585433187852999], "val_loss": [4.98601724154453, 5.43056591293836, 6.391206747838083, 4.308958952745357, 3.0137671342658514, 2.8789940254282924, 2.6755240253990675, 4.370153983255971, 3.4756004747977185, 3.134008120369582], "precision": [0.11627906976744186, 0.11396011396011396, 0.1295774647887324, 0.16358024691358025, 0.25882352941176473, 0.2080536912751678, 0.27184466019417475, 0.1896551724137931, 0.22981366459627328, 0.225], "recall": [0.3888888888888889, 0.4444444444444444, 0.5111111111111111, 0.5888888888888889, 0.4888888888888889, 0.34444444444444444, 0.3111111111111111, 0.4888888888888889, 0.4111111111111111, 0.5], "f1": [0.17902813299232737, 0.18140589569160998, 0.20674157303370783, 0.2560386473429952, 0.3384615384615385, 0.25941422594142255, 0.2901554404145078, 0.2732919254658385, 0.29482071713147406, 0.3103448275862069]}