{"accuracy": [0.7083492508170975, 0.7412878305530795, 0.7461691922407573, 0.7556772358758861, 0.754106710811155, 0.7524937391230527, 0.7569506345770194, 0.756823294706906, 0.7546160702916083, 0.7549556432785772], "val_accuracy": [0.7434634974533108, 0.7477079796264856, 0.7548387096774194, 0.7529711375212224, 0.7623089983022071, 0.7645161290322581, 0.7544991511035654, 0.7563667232597623, 0.7539898132427844, 0.7606112054329371], "loss": [18.552711245890713, 17.06502668650535, 16.795467308935997, 16.427459063895522, 16.340611076177055, 16.403812615850402, 16.222064461685424, 16.259943036890743, 16.219573122513665, 16.148548495939337], "val_loss": [17.16452108073879, 16.809481290224436, 16.782375616640657, 16.4306970937832, 16.225853974110372, 16.087587541825062, 16.546764461414234, 16.129905163597417, 16.487162846487923, 16.11173908678261], "precision": [0.8094384707287933, 0.7697132616487455, 0.7628434886499402, 0.76194743130227, 0.8357228195937874, 0.8115292712066906, 0.732078853046595, 0.7744922341696535, 0.73805256869773, 0.7807646356033453], "recall": [0.7563494278537538, 0.7828068043742406, 0.7971285892634207, 0.7949516983483952, 0.7669956140350878, 0.7823207601497265, 0.817, 0.7922395355942561, 0.8120276043378245, 0.7945288753799392], "f1": [0.7819939402683596, 0.7762048192771084, 0.7796092796092796, 0.7780997407350922, 0.7998856489422528, 0.796657381615599, 0.7722117202268431, 0.7832653677692192, 0.7732749178532311, 0.7875866224766497]}