{"accuracy": [0.7645617342130065, 0.7991988689915175, 0.82813383600377, 0.8441093308199812, 0.861875589066918, 0.8785108388312912, 0.8942978322337417, 0.9089538171536287, 0.920311027332705, 0.9268143261074459], "val_accuracy": [0.8139092637870144, 0.8747622928552024, 0.7834827492529204, 0.821787557728878, 0.8394458027709861, 0.865254007063298, 0.8728606356968215, 0.8231458842705787, 0.8750339581635426, 0.8524857375713122], "loss": [15.160081044378051, 13.125529289963733, 11.680456780559238, 10.787283020026713, 9.873569670481135, 8.832911785108497, 7.981616544974855, 6.990739472496537, 6.386873120599123, 5.741273465230065], "val_loss": [11.441226266838353, 8.968003744452163, 13.608599772741055, 10.63810601265266, 9.678672467326296, 8.98066006209059, 9.088822391526453, 13.139095517581907, 10.228822549098524, 12.315979312976886], "precision": [0.4253246753246753, 0.32142857142857145, 0.5357142857142857, 0.5551948051948052, 0.5811688311688312, 0.4577922077922078, 0.44155844155844154, 0.564935064935065, 0.4155844155844156, 0.5324675324675324], "recall": [0.20500782472613457, 0.28205128205128205, 0.20146520146520147, 0.24782608695652175, 0.2792511700468019, 0.3, 0.3148148148148148, 0.25180897250361794, 0.3137254901960784, 0.2912966252220249], "f1": [0.2766631467793031, 0.30045523520485584, 0.29281277728482696, 0.342685370741483, 0.37723919915700743, 0.3624678663239075, 0.36756756756756753, 0.3483483483483483, 0.3575418994413408, 0.3765786452353616]}