{"accuracy": [0.8118997912317327, 0.886847599164927, 0.9150313152400835, 0.9457202505219207, 0.9475991649269311, 0.9544885177453027, 0.9674321503131524, 0.9632567849686847, 0.9688935281837161, 0.978705636743215], "val_accuracy": [0.8874363327674024, 0.9161290322580645, 0.9551782682512734, 0.9611205432937182, 0.9629881154499151, 0.9691001697792869, 0.9573853989813242, 0.9758913412563667, 0.9804753820033956, 0.9731748726655348], "loss": [13.007269914150237, 8.740415484110514, 6.407047514518102, 4.518821868101756, 4.17383423179388, 3.7769022364417713, 2.7920625873903435, 3.130933305323124, 2.5625468784570695, 1.9882065215706826], "val_loss": [7.957378125512922, 6.6981799563040605, 4.006168013468788, 3.5341883355021677, 3.4534992327158514, 3.204307501944336, 3.847015043310318, 2.6208037098885413, 2.354881342359491, 3.1315997315333557], "precision": [0.5443037974683544, 0.5189873417721519, 0.31645569620253167, 0.35443037974683544, 0.4177215189873418, 0.27848101265822783, 0.3924050632911392, 0.26582278481012656, 0.26582278481012656, 0.25316455696202533], "recall": [0.06417910447761194, 0.08249496981891348, 0.10638297872340426, 0.13592233009708737, 0.16097560975609757, 0.14965986394557823, 0.13247863247863248, 0.2, 0.2692307692307692, 0.16806722689075632], "f1": [0.11481975967957275, 0.1423611111111111, 0.15923566878980894, 0.19649122807017544, 0.2323943661971831, 0.19469026548672566, 0.19808306709265178, 0.2282608695652174, 0.2675159235668789, 0.20202020202020204]}