{"accuracy": [0.7226962095165329, 0.7439195212020884, 0.7526210789931661, 0.7547434101617216, 0.7535549047073306], "val_accuracy": [0.7539898132427844, 0.7578947368421053, 0.7488964346349746, 0.764685908319185, 0.7689303904923599], "loss": [17.64383038526636, 16.691783807009177, 16.34162508907603, 16.333111270837577, 16.319626980510463], "val_loss": [16.30731272761886, 16.173248464352376, 16.66721926154317, 15.89360491134025, 15.505061007512582], "precision": [0.758873929008568, 0.7631578947368421, 0.7068543451652387, 0.8145654834761322, 0.813953488372093], "recall": [0.7895574657752308, 0.7927527018436109, 0.8159660897209466, 0.7733875653689716, 0.7793729856431292], "f1": [0.7739116866905913, 0.7776738384783287, 0.7575012297097885, 0.7934426229508198, 0.7962879808411915]}