{"accuracy": [0.7682846371347785, 0.7974081055607917, 0.8212535344015081, 0.8466540999057492, 0.8669651272384543, 0.8810556079170594, 0.9004241281809614, 0.9102262016965127, 0.9254948162111216, 0.9336946277097078], "val_accuracy": [0.8429774517794077, 0.8174409127954361, 0.8644390111382776, 0.845694104862809, 0.8864439011138278, 0.8416191252377071, 0.8603640315131758, 0.8801955990220048, 0.8872588970388482, 0.9016571583808748], "loss": [15.482514115342175, 13.14631748513644, 11.989736710147685, 10.578958330204689, 9.601201688489281, 8.519265757940978, 7.407031165548117, 6.891434255022421, 5.8862180348867215, 5.202490456189108], "val_loss": [10.498106639446883, 10.81942854975832, 9.042488767669118, 9.786051360954499, 8.716120503457455, 10.277446776371578, 10.408308372415345, 10.388712098308165, 9.996272811473444, 10.100422278334635], "precision": [0.2857142857142857, 0.5032467532467533, 0.4642857142857143, 0.5292207792207793, 0.40584415584415584, 0.5746753246753247, 0.5292207792207793, 0.525974025974026, 0.38961038961038963, 0.37987012987012986], "recall": [0.19730941704035873, 0.22997032640949555, 0.29979035639413, 0.2781569965870307, 0.3472222222222222, 0.28139904610492844, 0.30639097744360905, 0.3544857768052516, 0.345821325648415, 0.40625], "f1": [0.23342175066312995, 0.31568228105906315, 0.36433121019108283, 0.3646532438478747, 0.37425149700598803, 0.37780149413020275, 0.3880952380952381, 0.4235294117647059, 0.366412213740458, 0.3926174496644295]}