{"accuracy": [0.8730474434850102], "val_accuracy": [0.8521536670547147], "loss": [9.968222379129987], "val_loss": [11.51275408157596], "precision": [0.8592212237911853], "recall": [0.8226136829168373], "f1": [0.8405190456257847]}