{"accuracy": [0.7102169022454263, 0.7362366823719173, 0.7479095037989728, 0.7420518697737595, 0.7485462031495395, 0.7516023600322594, 0.7538520310709284, 0.756398828473195, 0.7542764973046394, 0.7520268262659705], "val_accuracy": [0.7441426146010187, 0.7466893039049236, 0.7565365025466892, 0.7572156196943973, 0.7580645161290323, 0.7614601018675722, 0.7570458404074702, 0.7553480475382003, 0.7584040747028863, 0.7587436332767402], "loss": [18.39171855274987, 17.267355852809658, 16.874236401943858, 17.003172515731006, 16.67843638896295, 16.647749370522543, 16.52906240427834, 16.408345229347493, 16.546756641997412, 16.468756900592282], "val_loss": [17.25853053556906, 16.825773880932783, 16.4883427065772, 16.629550812051104, 16.41448861328331, 16.254849094313546, 16.27237553080997, 16.338683397061114, 16.1082961043796, 16.30545852957545], "precision": [0.6501700037778617, 0.6679259539100869, 0.6875708349074424, 0.7344163203626747, 0.6939931998488855, 0.7227049489988666, 0.6788817529278428, 0.7344163203626747, 0.6724593879863997, 0.7533056290139781], "recall": [0.7476107732406603, 0.7425451490970181, 0.749896992171405, 0.7278172968925496, 0.7491843393148451, 0.7403250773993808, 0.755677039529016, 0.7248322147651006, 0.761986301369863, 0.721940622737147], "f1": [0.6954940391998383, 0.7032617342879873, 0.7173827355143871, 0.7311019180142911, 0.7205334379290058, 0.7314089084305104, 0.7152238805970149, 0.7295927941452429, 0.7144290587999197, 0.7372897023479387]}