{"accuracy": [0.8186108637577917, 0.8646482635796973, 0.8852181656277828, 0.907747105966162, 0.9235084594835262, 0.9397150489759573, 0.9493321460373998, 0.9560106856634016, 0.9631344612644702, 0.9667853962600178], "val_accuracy": [0.866383701188455, 0.8831918505942276, 0.9066213921901528, 0.9066213921901528, 0.8840407470288625, 0.9112054329371817, 0.8896434634974533, 0.9157894736842105, 0.9392190152801358, 0.9463497453310696], "loss": [11.31417438820896, 9.232110139056829, 7.643824957714461, 6.580876205042217, 5.685182997134336, 4.588596449278699, 4.090827777939305, 3.5932118263085004, 3.0244759101303895, 2.8296574209193217], "val_loss": [8.10164762252086, 7.748333151598234, 6.707828445893687, 8.187556305479863, 8.454006591630545, 7.870440966147627, 9.953534282965435, 7.918597796881521, 6.957276239910641, 7.007362688521578], "precision": [0.5512820512820513, 0.5726495726495726, 0.46153846153846156, 0.405982905982906, 0.49145299145299143, 0.41452991452991456, 0.49572649572649574, 0.47435897435897434, 0.27350427350427353, 0.24786324786324787], "recall": [0.15906288532675708, 0.18559556786703602, 0.20300751879699247, 0.18774703557312253, 0.16936671575846834, 0.20082815734989648, 0.17901234567901234, 0.22933884297520662, 0.25396825396825395, 0.29292929292929293], "f1": [0.24688995215311005, 0.2803347280334728, 0.2819843342036553, 0.25675675675675674, 0.25191675794085433, 0.2705718270571827, 0.26303854875283444, 0.30919220055710306, 0.26337448559670784, 0.2685185185185185]}