{"accuracy": [0.8078016893756101, 0.8420561144360966, 0.8506727789804321, 0.857931151576892, 0.8703255656012564, 0.8722356636529565, 0.8784328706651386, 0.8845876310539497, 0.8932891888450274, 0.9014389405322807], "val_accuracy": [0.8373514431239388, 0.8361629881154499, 0.8375212224108659, 0.8380305602716469, 0.8495755517826825, 0.8509337860780984, 0.8446519524617997, 0.8483870967741935, 0.8398981324278438, 0.8449915110356536], "loss": [13.728316070266786, 11.982512074013416, 11.355369249871822, 10.833288372806406, 10.218021098236216, 10.009470760417923, 9.500716622741932, 8.975515115495615, 8.508593369452244, 7.789755631779071], "val_loss": [12.50329703527528, 12.497029832569329, 12.266499799973255, 11.860377632282876, 11.216389728236843, 12.040361478522017, 12.574981956224184, 11.785186408661508, 13.287972930315378, 12.468653559362567], "precision": [0.8513360933383515, 0.8238614979299962, 0.8479488144523899, 0.8460669928490779, 0.8675197591268348, 0.8182160331200602, 0.8882197967632668, 0.8633797515995484, 0.8739179525780956, 0.8155814828754234], "recall": [0.80070796460177, 0.8149664929262844, 0.8029223093371347, 0.8048693161475117, 0.8119056005635787, 0.8462436745815493, 0.7924781732706514, 0.8123229461756374, 0.7924914675767918, 0.8366795366795367], "f1": [0.8252462604888726, 0.8193898558862063, 0.8248215266337177, 0.8249541284403671, 0.8387918486171762, 0.8319938767699961, 0.8376220053238687, 0.8370735267286992, 0.8312153212815464, 0.8259958071278826]}