{"accuracy": [0.7664157094070164, 0.8149642968022354, 0.8344846321018318, 0.8448463210183172, 0.8520645762185657, 0.8615336851909345, 0.8677429369760944, 0.8729819931698231, 0.8776001241850357, 0.8838093759701956], "val_accuracy": [0.7889160554197229, 0.8209725618038577, 0.8253192067372996, 0.8293941863624015, 0.8454224395544689, 0.830480847595762, 0.8122792719369737, 0.8446074436294485, 0.8356424884542244, 0.8451507742461287], "loss": [15.507551551752588, 12.962106788424641, 11.924763371571714, 11.330006250968346, 10.777783909151632, 10.333581064238441, 9.802538450650188, 9.582892434472777, 9.177859655976592, 8.750315012359442], "val_loss": [14.650399893522263, 12.725231385950384, 11.73945002784503, 11.746351728151584, 11.585846990475368, 11.988975329131916, 13.785751530836368, 11.67156783645523, 11.625715054957004, 11.642713877083413], "precision": [0.6630546955624355, 0.7641898864809081, 0.7951496388028896, 0.7997936016511867, 0.8441692466460269, 0.827141382868937, 0.7337461300309598, 0.8235294117647058, 0.8384932920536635, 0.8348813209494325], "recall": [0.9119943222143364, 0.8799762329174093, 0.8623391158365976, 0.8659217877094972, 0.859695218076721, 0.8472515856236786, 0.8904195366311835, 0.8740416210295728, 0.847678664580073, 0.8661670235546038], "f1": [0.7678518075888855, 0.8180060756697045, 0.8273825503355705, 0.8315450643776824, 0.8518614944024995, 0.8370757180156658, 0.8045261669024045, 0.8480340063761955, 0.8430609597924773, 0.8502364687335786]}