{"accuracy": [0.7769714374417883, 0.819737659112077, 0.8371235641105247, 0.8456224774914622, 0.8542378143433716, 0.8554796647004036, 0.865492083203974, 0.8766299285936044, 0.8822958708475629, 0.8912216702887302], "val_accuracy": [0.7959793534365661, 0.7568595490355882, 0.8057593045368107, 0.821787557728878, 0.8302091822874219, 0.8345558272208639, 0.8182559087204564, 0.8171692474870959, 0.8272208638956805, 0.8272208638956805], "loss": [15.435959499320084, 13.260233412013752, 12.270808940194085, 11.573851894910815, 11.115482296748434, 10.939680881594901, 10.397024810166275, 9.682910620130913, 9.277754686014823, 8.793288649311728], "val_loss": [13.953596510763827, 17.592381243818792, 13.237666277022198, 13.024328532403914, 13.146546471735526, 12.652351811528206, 13.176718139442904, 12.782450047803335, 12.504973387923734, 13.365851600108476], "precision": [0.8951841359773371, 0.9620396600566572, 0.888385269121813, 0.8917847025495751, 0.9008498583569405, 0.8504249291784702, 0.8861189801699717, 0.9008498583569405, 0.8277620396600567, 0.8815864022662889], "recall": [0.7362534948741846, 0.672209026128266, 0.7516778523489933, 0.7719470328592447, 0.7794117647058824, 0.8131094257854822, 0.7696850393700787, 0.7614942528735632, 0.814835471277189, 0.7846696923852748], "f1": [0.8079774993607773, 0.7914239105103705, 0.8143339392365619, 0.8275499474237643, 0.835742444152431, 0.8313486568817503, 0.8238082696865948, 0.8253309109784583, 0.821247892074199, 0.8303094983991463]}