{"accuracy": [0.7294363256784969, 0.7519832985386221, 0.746972860125261, 0.7475991649269311, 0.7605427974947808, 0.7601252609603341, 0.7670146137787056, 0.7695198329853862, 0.7728601252609604, 0.7716075156576201], "val_accuracy": [0.9843803056027165, 0.9842105263157894, 0.9765704584040747, 0.968251273344652, 0.9449915110356536, 0.9612903225806452, 0.965195246179966, 0.9750424448217317, 0.9685908319185059, 0.9382003395585738], "loss": [18.17791487455368, 17.055901788870493, 16.618739097913107, 16.619715991020204, 15.787335036595662, 15.77209886988004, 15.598357020219167, 15.615056026379268, 15.338159184853236, 15.487761378288269], "val_loss": [9.177491307902981, 9.105245510951892, 10.255163231411496, 10.291129408011566, 11.115223068804355, 9.465251138403609, 9.328947138141942, 7.65862797144297, 7.858599917953079, 10.20463971833925], "precision": [0.0, 0.0, 0.06521739130434782, 0.11956521739130435, 0.17391304347826086, 0.10869565217391304, 0.1956521739130435, 0.07608695652173914, 0.10869565217391304, 0.30434782608695654], "recall": [0, 0.0, 0.10344827586206896, 0.09401709401709402, 0.06060606060606061, 0.0641025641025641, 0.12080536912751678, 0.10144927536231885, 0.08849557522123894, 0.08536585365853659], "f1": [NaN, NaN, 0.08, 0.10526315789473685, 0.08988764044943821, 0.08064516129032258, 0.14937759336099585, 0.08695652173913045, 0.09756097560975607, 0.13333333333333333]}