{"accuracy": [0.6994779065325354, 0.7526635256165372, 0.7524937391230527, 0.760261471199966, 0.7658644254849527, 0.7699817479519504, 0.7778768198989771, 0.7785559658729148, 0.7763911880809882, 0.7772825671717815], "val_accuracy": [0.6533106960950764, 0.6538200339558574, 0.7677419354838709, 0.7480475382003395, 0.7640067911714771, 0.7672325976230899, 0.7572156196943973, 0.7774193548387097, 0.7281833616298812, 0.7808149405772495], "loss": [18.259568117852126, 16.58551526833907, 16.559199155226167, 16.08147711904272, 15.705314820948255, 15.640183654253647, 15.308947116823985, 15.22776184808286, 15.277624048161215, 15.209446041118177], "val_loss": [20.88010115752349, 19.32884727941977, 15.997720144890451, 16.3567086335775, 16.30595201608297, 15.614464626763318, 16.55544129577843, 17.18181922677401, 18.81539774778727, 15.346317699793223], "precision": [0.5609681372549019, 0.4384191176470588, 0.8544730392156863, 0.7395833333333334, 0.8756127450980392, 0.7818627450980392, 0.7092524509803921, 0.8691789215686274, 0.6758578431372549, 0.8011642156862745], "recall": [0.7504098360655738, 0.874160048869884, 0.7574687669744704, 0.791994750656168, 0.7438833940655908, 0.7947679850513859, 0.8279685264663805, 0.7624294544477291, 0.8024736267733721, 0.802886091495241], "f1": [0.6420056100981767, 0.5839624566415017, 0.803052116325943, 0.7648922686945502, 0.8043906557838446, 0.7882625482625483, 0.764026402640264, 0.8123120973514674, 0.7337435556294695, 0.8020242294126667]}