{"accuracy": [0.7530030986035061, 0.7622140158750371, 0.764845706524046, 0.7693026019780127, 0.7709155736661149, 0.7752026826265971, 0.7748631096396281, 0.7773674604185237, 0.7712975932764549, 0.7766458678212148], "val_accuracy": [0.8943972835314091, 0.8955857385398981, 0.8770797962648557, 0.8884550084889643, 0.8889643463497453, 0.865025466893039, 0.8721561969439728, 0.8950764006791172, 0.865874363327674, 0.8745331069609508], "loss": [16.56831871371418, 15.777625994653198, 15.478022722287289, 15.37474227608706, 15.212991621471648, 15.127541711404819, 15.203722864106359, 14.902508002103103, 15.092335699290402, 14.86203810103551], "val_loss": [10.815764058602824, 10.287871832944251, 11.004914332080531, 10.673699517910546, 10.340791490754565, 11.304580472369452, 10.880848543225108, 9.701581568009145, 11.294267644350594, 10.71136727820377], "precision": [0.14342629482071714, 0.1593625498007968, 0.26693227091633465, 0.26294820717131473, 0.2350597609561753, 0.3346613545816733, 0.28087649402390436, 0.1892430278884462, 0.3745019920318725, 0.30677290836653387], "recall": [0.2727272727272727, 0.29304029304029305, 0.27346938775510204, 0.315035799522673, 0.30412371134020616, 0.2670906200317965, 0.26454033771106944, 0.3104575163398693, 0.28313253012048195, 0.28256880733944956], "f1": [0.18798955613577026, 0.20645161290322578, 0.2701612903225807, 0.2866449511400651, 0.26516853932584267, 0.2970822281167108, 0.27246376811594203, 0.23514851485148516, 0.3224699828473413, 0.2941738299904489]}