{"accuracy": [0.7770490530891028, 0.8239677118907172, 0.8365802545793232, 0.846980751319466, 0.8547423160509159, 0.8613396460726482, 0.870498292455759, 0.8794240918969264, 0.8879618131015212, 0.8943262961813101], "val_accuracy": [0.7698994838359141, 0.8312958435207825, 0.8182559087204564, 0.8359141537625645, 0.8394458027709861, 0.8389024721543059, 0.84786742732953, 0.8394458027709861, 0.8484107579462102, 0.8454224395544689], "loss": [15.304483749730416, 12.766632933770456, 11.747434362288445, 11.191036306155231, 10.74834032833724, 10.366271295559317, 9.705574856354641, 9.21280470009773, 8.637049798190446, 8.240961042512438], "val_loss": [13.939536145021176, 12.1925642847501, 11.997125905135583, 11.560320817961776, 11.510377804138537, 11.260077022529881, 11.15995153139249, 11.543743685201003, 12.234596330800962, 12.070260380619558], "precision": [0.6160990712074303, 0.8720330237358102, 0.7445820433436533, 0.8219814241486069, 0.869453044375645, 0.8219814241486069, 0.8565531475748194, 0.8513931888544891, 0.8302373581011352, 0.8178534571723426], "recall": [0.920585967617579, 0.8191953465826466, 0.8923933209647495, 0.8601511879049676, 0.8329214038556599, 0.8652906029331885, 0.854788877445932, 0.8448540706605223, 0.8754080522306855, 0.8800666296501943], "f1": [0.7381761978361671, 0.8447888027993001, 0.8118143459915612, 0.8406332453825858, 0.8507952537238072, 0.8430801799417835, 0.8556701030927835, 0.8481110254433308, 0.8522245762711864, 0.8478202728002139]}