{"accuracy": [0.7705466540999057, 0.80311027332705, 0.8258246936852026, 0.8437794533459001, 0.8592836946277097, 0.8723374175306314, 0.8905278039585297, 0.904052780395853, 0.9155984919886899, 0.9270028275212064], "val_accuracy": [0.7807660961695192, 0.8182559087204564, 0.7924477044281445, 0.8926922032056507, 0.8801955990220048, 0.8312958435207825, 0.8576473784297746, 0.8687856560717196, 0.8690573213800598, 0.8861722358054877], "loss": [15.520561660808253, 13.18302321003144, 11.890148463019406, 10.870705822864211, 9.982685774564743, 9.159951424742319, 8.161730357078296, 7.163814298539276, 6.544035091816661, 5.913156552301967], "val_loss": [13.035700421651889, 11.904607561127893, 12.836693582863644, 8.24116296064237, 8.445714930008197, 10.559119278372362, 10.00289723779685, 9.62899674060915, 9.243613770809667, 10.06817464519228], "precision": [0.512987012987013, 0.538961038961039, 0.6461038961038961, 0.36038961038961037, 0.4707792207792208, 0.6396103896103896, 0.5487012987012987, 0.5064935064935064, 0.525974025974026, 0.4902597402597403], "recall": [0.19386503067484662, 0.23953823953823955, 0.23302107728337237, 0.3592233009708738, 0.34278959810874704, 0.27864214992927866, 0.30505415162454874, 0.3203285420944558, 0.3253012048192771, 0.36561743341404357], "f1": [0.28138913624220835, 0.33166833166833165, 0.342512908777969, 0.35980551053484605, 0.3967168262653899, 0.3881773399014778, 0.3921113689095128, 0.3924528301886792, 0.401985111662531, 0.41886269070735094]}