{"accuracy": [0.7851210804098107, 0.8212511642347097, 0.8386758770568147, 0.8500077615647315, 0.8543930456380007, 0.8628531511952809, 0.8697997516299286, 0.8749611921763427, 0.8820630239056194, 0.8864483079788885], "val_accuracy": [0.8122792719369737, 0.8226025536538984, 0.8177125781037762, 0.8288508557457213, 0.828307525129041, 0.832654170062483, 0.8264058679706602, 0.8312958435207825, 0.837000814995925, 0.8133659331703341], "loss": [15.148563405124484, 13.104321505976078, 12.13167013157686, 11.59294184132782, 11.21221098444302, 10.662962834385429, 10.092262941317879, 9.77928025876322, 9.379120492609795, 8.981226007932468], "val_loss": [13.878968915548818, 13.626969066159479, 13.471128397974475, 12.511601726813563, 12.37333742220854, 12.343888140957931, 12.20153635521901, 12.76212678490014, 12.607568151478109, 13.97530740692184], "precision": [0.8339943342776204, 0.8770538243626063, 0.7682719546742209, 0.8815864022662889, 0.886685552407932, 0.8441926345609065, 0.8708215297450425, 0.8985835694050992, 0.854957507082153, 0.918413597733711], "recall": [0.7871657754010695, 0.780241935483871, 0.8380716934487021, 0.7870510875063227, 0.7836755132699048, 0.8137629710540688, 0.7890143737166324, 0.782051282051282, 0.8143550998381004, 0.7490757855822551], "f1": [0.8099037138927097, 0.8258202187249933, 0.8016553355010345, 0.8316408337787279, 0.8320042530568847, 0.8286985539488321, 0.8279019660651763, 0.8362773530187186, 0.834162520729685, 0.8251463476711631]}