{"accuracy": [0.7713949104618285, 0.7982563619227144, 0.8233270499528746, 0.845004712535344, 0.8664467483506126, 0.8790763430725731, 0.8944863336475024, 0.9086710650329878, 0.9223374175306315, 0.9361451460885957], "val_accuracy": [0.8008693289866884, 0.845694104862809, 0.8207008964955175, 0.7845694104862809, 0.8397174680793262, 0.8590057049714751, 0.8723173050801413, 0.8753056234718827, 0.8663406682966586, 0.8818255908720456], "loss": [15.318837260625449, 13.169758052127548, 11.83306090452944, 10.590961688433785, 9.558108113840762, 8.57639889616564, 7.807295987202999, 6.89161880045052, 6.047407941017524, 5.169794193098703], "val_loss": [12.017715415050244, 10.142631296325346, 10.42913377413462, 12.084551956633042, 10.149123835537967, 9.667621910315136, 9.090234171342233, 9.578398579795813, 11.456052974540869, 9.65995530524002], "precision": [0.3961038961038961, 0.42857142857142855, 0.5746753246753247, 0.6623376623376623, 0.5292207792207793, 0.5064935064935064, 0.4707792207792208, 0.4967532467532468, 0.5357142857142857, 0.5], "recall": [0.18236173393124067, 0.25190839694656486, 0.2507082152974504, 0.2284434490481523, 0.2680921052631579, 0.2982791586998088, 0.32079646017699115, 0.3347921225382932, 0.321011673151751, 0.35402298850574715], "f1": [0.24974411463664284, 0.3173076923076923, 0.3491124260355029, 0.3397169025811824, 0.3558951965065502, 0.37545126353790614, 0.381578947368421, 0.4, 0.4014598540145985, 0.41453566621803506]}