{"accuracy": [0.7761617380808691, 0.8050090525045263, 0.8211225105612553, 0.8415811707905854, 0.8712733856366928, 0.8922751961375981, 0.9152685576342788, 0.9295715147857574, 0.9464695232347616, 0.9551599275799638], "val_accuracy": [0.8251592356687898, 0.7729299363057325, 0.8191082802547771, 0.8428343949044586, 0.8356687898089172, 0.85, 0.8428343949044586, 0.8619426751592356, 0.8797770700636943, 0.8918789808917198], "loss": [19.99145069838948, 17.95509594420477, 16.778718103477033, 15.435406023324225, 13.43040807631319, 11.496019175286927, 9.551552304987274, 8.048697197088444, 6.269120310363225, 5.452630576306168], "val_loss": [14.045267535302475, 16.094456340747936, 14.244792615298097, 13.019126331590058, 14.807305958605449, 13.778467694709775, 15.071289209307718, 15.427965536329696, 14.820490206495808, 16.022678690202238], "precision": [0.5369127516778524, 0.738255033557047, 0.5973154362416108, 0.5704697986577181, 0.5604026845637584, 0.5335570469798657, 0.47651006711409394, 0.4563758389261745, 0.4429530201342282, 0.3624161073825503], "recall": [0.14285714285714285, 0.14030612244897958, 0.1490787269681742, 0.1652089407191448, 0.15636704119850187, 0.1652806652806653, 0.1459403905447071, 0.16171224732461356, 0.18307905686546463, 0.18090452261306533], "f1": [0.2256699576868829, 0.2357984994640943, 0.2386058981233244, 0.25621703089675957, 0.24450951683748168, 0.2523809523809524, 0.2234461054287962, 0.23880597014925375, 0.2590775269872424, 0.241340782122905]}