{"accuracy": [0.7869884575026233, 0.8008394543546694, 0.8190975865687303, 0.8190975865687303, 0.8275970619097587, 0.8455403987408184, 0.8544596012591815, 0.8564533053515215, 0.8756558237145855, 0.8838405036726128], "val_accuracy": [0.7908177125781037, 0.7201847324096713, 0.7946210268948656, 0.8486824232545503, 0.8454224395544689, 0.8619940233632165, 0.8486824232545503, 0.8125509372453138, 0.8747622928552024, 0.8829122521054061], "loss": [12.652651122152406, 12.005227274942719, 11.29452752826998, 11.308771485650299, 10.952816174134313, 10.11920047546393, 9.78104285505794, 9.475544446466753, 8.652907834557078, 7.8945995244203795], "val_loss": [8.941576357063806, 9.901483910350963, 11.222817395396273, 8.255161299273885, 8.39156699334753, 7.727425112292685, 8.0710066447741, 9.56397248698591, 7.8657874087321344, 8.357978151276194], "precision": [0.7235294117647059, 0.8764705882352941, 0.6764705882352942, 0.5176470588235295, 0.5, 0.4588235294117647, 0.5, 0.5588235294117647, 0.4, 0.37058823529411766], "recall": [0.1453900709219858, 0.12867012089810018, 0.1409313725490196, 0.15630550621669628, 0.14938488576449913, 0.15789473684210525, 0.1526032315978456, 0.13380281690140844, 0.1592505854800937, 0.16279069767441862], "f1": [0.2421259842519685, 0.22439759036144577, 0.2332657200811359, 0.2401091405184175, 0.23004059539918809, 0.23493975903614459, 0.23383768913342504, 0.21590909090909086, 0.22780569514237856, 0.22621184919210052]}