{"accuracy": [0.7517745302713987, 0.741544885177453, 0.7580375782881003, 0.7538622129436325, 0.7640918580375783, 0.7636743215031315, 0.7668058455114822, 0.781419624217119, 0.7768267223382046, 0.7776617954070981], "val_accuracy": [0.9629881154499151, 0.9830220713073005, 0.9799660441426146, 0.8906621392190153, 0.9254668930390493, 0.9548387096774194, 0.8084889643463498, 0.7915110356536502, 0.9229202037351443, 0.8808149405772496], "loss": [17.090377827088037, 17.351599130630493, 15.63918754140536, 15.854600380659104, 15.185761332909266, 15.312987151145935, 15.462092844645182, 14.57483415444692, 15.038153138955435, 15.196993449926376], "val_loss": [7.47066142977895, 12.154516676309946, 8.57850153961697, 9.430162882160497, 6.3617704906979125, 6.504678125639219, 12.845184930595192, 13.664304945436683, 9.474419115685128, 10.171208459622152], "precision": [0.13095238095238096, 0.0, 0.0, 0.40476190476190477, 0.19047619047619047, 0.17857142857142858, 0.5357142857142857, 0.5119047619047619, 0.36904761904761907, 0.39285714285714285], "recall": [0.07051282051282051, 0.0, 0.0, 0.054140127388535034, 0.041343669250646, 0.07075471698113207, 0.03968253968253968, 0.034959349593495934, 0.07175925925925926, 0.04824561403508772], "f1": [0.09166666666666666, NaN, NaN, 0.0955056179775281, 0.06794055201698514, 0.10135135135135134, 0.07389162561576355, 0.0654490106544901, 0.12015503875968993, 0.0859375]}