{"accuracy": [0.9564214895088771, 0.9668203827530552, 0.9738528937053262, 0.9776804242563985, 0.9793405579893936, 0.9821074475443855, 0.9839750979940051, 0.9858196910306664, 0.9874337099377449, 0.9876873414802859], "val_accuracy": [0.9609872611464968, 0.9665605095541401, 0.9695859872611465, 0.9644904458598726, 0.9727707006369427, 0.9737261146496815, 0.9697452229299363, 0.9689490445859873, 0.9740445859872612, 0.9705414012738853], "loss": [5.966667553339879, 4.352390383559782, 3.618604667486821, 3.159849392326417, 3.0064955099250925, 2.590812497053695, 2.3290989916849947, 2.084764654395805, 1.8599458724513764, 1.728322476851991], "val_loss": [5.86163979322287, 4.505138893732588, 4.41481301421655, 4.920787881462629, 3.7167245775091513, 4.097168645003938, 4.793607422321296, 4.8831754847294615, 3.8615475283208736, 5.457389916489788], "precision": [0.9809714571857787, 0.9764646970455684, 0.9814722083124687, 0.9784677015523285, 0.9694541812719079, 0.9674511767651477, 0.9774661992989484, 0.9539308963445168, 0.9514271407110666, 0.943415122684026], "recall": [0.9044321329639889, 0.922858495030762, 0.9271523178807947, 0.915651358950328, 0.946236559139785, 0.9507874015748031, 0.9308536003814973, 0.9487051792828686, 0.9664292980671414, 0.9631901840490797], "f1": [0.9411482104251742, 0.9489051094890512, 0.9535392848455365, 0.9460179133381749, 0.9577046747464754, 0.9590469099032017, 0.953590620420127, 0.951310861423221, 0.9588695432752965, 0.9532001011889704]}