{"accuracy": [0.7052506473110064, 0.7452353665265928, 0.7489282227598795, 0.7593276454858016, 0.7496922619805595, 0.752960651980135, 0.754870750031835, 0.7531304384736194, 0.7611104036673882, 0.7574175474341016], "val_accuracy": [0.7322580645161291, 0.7492359932088285, 0.7455008488964346, 0.7633276740237691, 0.7560271646859084, 0.7590831918505943, 0.7634974533106961, 0.7578947368421053, 0.7611205432937181, 0.7563667232597623], "loss": [18.582991201405285, 17.07228461898651, 16.705055975161866, 16.29219620837609, 16.576087805357847, 16.488519036947793, 16.274370069379238, 16.3243684512304, 16.040265587404917, 16.188053329206063], "val_loss": [17.572479128193212, 16.650035917436753, 16.59759426761318, 16.242685237446345, 16.12132484139623, 16.361949138705796, 15.945556342923963, 16.121492893631395, 16.039941743257884, 16.16252155303955], "precision": [0.726302956415727, 0.7957939652544955, 0.7628771715940262, 0.8564462054251752, 0.7814690643096617, 0.7686680889972569, 0.8296251142944224, 0.8210911307528193, 0.8125571472112161, 0.7726302956415727], "recall": [0.7782495101241019, 0.7638970157987127, 0.7763647642679901, 0.7527457808732922, 0.7807551766138855, 0.792583280955374, 0.765466816647919, 0.7625247664874045, 0.7709658762290341, 0.7862903225806451], "f1": [0.7513794734352831, 0.7795193312434693, 0.7695618754803997, 0.801254633589963, 0.781111957349581, 0.780442518954046, 0.7962556676905076, 0.7907249779864984, 0.791215313844784, 0.7794004611837048]}