{"accuracy": [0.7134428456216309, 0.7274502313340974, 0.7351755167876396, 0.7451080266564795, 0.7462540854874995, 0.7459145125005305, 0.7486735430196528, 0.7478670571756016, 0.7581815866547816, 0.751432573538775], "val_accuracy": [0.7373514431239389, 0.6899830220713074, 0.736332767402377, 0.6840407470288625, 0.7533106960950764, 0.7438030560271647, 0.7217317487266554, 0.6855687606112054, 0.736332767402377, 0.7573853989813243], "loss": [18.38616636569335, 17.72927702294114, 17.4307074147293, 17.120412099393768, 16.956624686879735, 16.976307052244486, 16.970114199649366, 16.873489576731803, 16.53977353270374, 16.82658045659072], "val_loss": [17.361279154468228, 18.831154873564437, 17.09834836624764, 20.29955039153228, 16.560230449405875, 16.984250919238942, 17.9139685563139, 19.10776547096871, 18.20675357805716, 16.627354638640945], "precision": [0.669327251995439, 0.8251615355378183, 0.5739262637780311, 0.8415051311288484, 0.6966932725199544, 0.6164956290383884, 0.8194602812618776, 0.871531736982136, 0.5324971493728621, 0.6419612314709237], "recall": [0.7223133716160788, 0.6137970031099802, 0.7775489186405767, 0.6052487698195735, 0.7367363344051447, 0.764373232799246, 0.6493975903614457, 0.6023115313895456, 0.8126450116009281, 0.7761948529411765], "f1": [0.694811599921089, 0.7039559014267185, 0.660397988191559, 0.7040865002385117, 0.716155499120922, 0.6825163054912686, 0.7245841035120149, 0.7123330226778503, 0.6433983926521241, 0.7027251924277096]}