{"accuracy": [0.7866736621196222, 0.8025183630640084, 0.8177334732423924, 0.8219307450157398, 0.8315844700944386, 0.8377754459601259, 0.8534102833158447, 0.8634837355718783, 0.8717733473242393, 0.8884575026232948], "val_accuracy": [0.69573485465906, 0.6935615321923391, 0.7837544145612605, 0.7633795164357512, 0.7307796794349362, 0.7829394186362402, 0.7894593860364032, 0.8432491170877479, 0.8625373539798967, 0.8834555827220864], "loss": [12.720317730967631, 12.160658920771324, 11.598161849199526, 11.120494468900182, 10.578161284827546, 10.396961779802437, 9.56811237835244, 8.921034206479987, 8.44830685543934, 7.748566393084174], "val_loss": [10.597860869148683, 12.642615446756626, 9.319111628907509, 9.981025456354535, 12.35341473797272, 11.14596307268045, 10.455518162199136, 8.482640692257675, 8.23711511049548, 7.693841903972247], "precision": [0.9176470588235294, 0.9176470588235294, 0.7176470588235294, 0.7529411764705882, 0.8411764705882353, 0.711764705882353, 0.6470588235294118, 0.4823529411764706, 0.5117647058823529, 0.38823529411764707], "recall": [0.12361331220285261, 0.12283464566929134, 0.14022988505747128, 0.13375130616509928, 0.12917795844625113, 0.13892078071182548, 0.13333333333333333, 0.1436077057793345, 0.17058823529411765, 0.16879795396419436], "f1": [0.21787709497206706, 0.21666666666666665, 0.23461538461538461, 0.22715173025732036, 0.22396241190289742, 0.2324687800192123, 0.22110552763819094, 0.22132253711201078, 0.25588235294117645, 0.23529411764705882]}