{"accuracy": [0.7934942287513116, 0.8054564533053515, 0.8174186778593914, 0.820881427072403, 0.8323189926547744, 0.8313746065057712, 0.8434417628541448, 0.8583420776495279, 0.8743966421825813, 0.8817418677859391], "val_accuracy": [0.7074164629176855, 0.926107036131486, 0.8606356968215159, 0.7802227655528389, 0.747622928552024, 0.8546590600380332, 0.8720456397718012, 0.7688128226025537, 0.7438196142352621, 0.8511274110296115], "loss": [12.346567706173698, 11.923123151863981, 11.398962146483811, 11.198512883194342, 10.659044261546743, 10.55654249995347, 9.886561943380624, 9.33393939729505, 8.71563802589506, 8.342035067561488], "val_loss": [9.770170733846467, 7.101384962041831, 7.610261003904301, 9.117153514818899, 11.356018485694095, 8.129433271066679, 7.940419765060832, 11.735362725011234, 12.366976675224201, 8.201126882743194], "precision": [0.9058823529411765, 0.16470588235294117, 0.5, 0.6882352941176471, 0.7941176470588235, 0.45294117647058824, 0.4470588235294118, 0.7235294117647059, 0.7647058823529411, 0.4117647058823529], "recall": [0.12674897119341563, 0.17721518987341772, 0.16569200779727095, 0.13402061855670103, 0.13119533527696792, 0.14836223506743737, 0.16777041942604856, 0.13268608414239483, 0.12584704743465633, 0.13513513513513514], "f1": [0.2223826714801444, 0.17073170731707316, 0.24890190336749632, 0.22435282837967402, 0.2251876563803169, 0.22351233671988388, 0.24398073836276085, 0.22424794895168643, 0.21612635078969242, 0.20348837209302323]}