{"accuracy": [0.7086888238040664, 0.7294027760091685, 0.7409482575661106, 0.7459994057472729, 0.7434950549683773, 0.7440044144488306, 0.7452778131499639, 0.7477397173054884, 0.7535973513307016, 0.754488730421495], "val_accuracy": [0.7461799660441426, 0.7368421052631579, 0.7621392190152801, 0.7611205432937181, 0.7551782682512733, 0.7578947368421053, 0.7617996604414261, 0.765195246179966, 0.767911714770798, 0.7543293718166384], "loss": [18.394921575060046, 17.492879401958135, 17.066320878437125, 16.84050722579943, 16.894193326238053, 16.735961900879925, 16.67095811193963, 16.651766602915373, 16.55250496157474, 16.448757544422733], "val_loss": [17.13071818190652, 17.269291701832334, 16.308867906879733, 16.280834716075177, 16.34425408775742, 16.066148502440065, 15.933955748983331, 15.954717071636303, 15.669375617439682, 16.495693036027856], "precision": [0.7239404352806414, 0.7877052310042001, 0.6174112256586484, 0.7373043146239022, 0.7647957235586101, 0.7441771668575792, 0.7605956471935853, 0.6979763268423063, 0.7056128293241696, 0.8178694158075601], "recall": [0.7106446776611695, 0.6748446189074255, 0.8020833333333334, 0.7286792452830189, 0.7080240367621068, 0.7205175600739372, 0.7196531791907514, 0.7553719008264462, 0.7561374795417348, 0.6883033419023136], "f1": [0.7172309438244753, 0.72692036645525, 0.6977346278317152, 0.7329664072879104, 0.7353157121879589, 0.7321562734785875, 0.7395581956562094, 0.725540781901171, 0.7300019751135691, 0.7475135229453848]}