{"accuracy": [0.9687350835322196], "val_accuracy": [0.9610011641443539], "loss": [2.6764939133902543], "val_loss": [4.273767294517408], "precision": [0.3473684210526316], "recall": [0.19186046511627908], "f1": [0.24719101123595505]}