{"accuracy": [0.750286514707755, 0.7576722271743282, 0.7620017827581815, 0.7693026019780127, 0.7737594974319792, 0.769429941848126, 0.7703637675622904, 0.7800415976909036, 0.7754149157434526, 0.7722314189906193], "val_accuracy": [0.8906621392190153, 0.8986417657045841, 0.90339558573854, 0.8945670628183362, 0.864006791171477, 0.8833616298811545, 0.86893039049236, 0.8998302207130731, 0.9027164685908319, 0.8735144312393888], "loss": [16.74867150134924, 15.923847523885634, 15.650255298881389, 15.395270693172755, 15.198118033774673, 15.251620935617341, 15.157794229938993, 14.935410729822989, 14.98958693107077, 15.048701152023499], "val_loss": [11.016831900622394, 10.605616659087104, 9.882275539797705, 10.259487126969002, 11.64317231854877, 10.49481547426533, 11.146586440866058, 9.607093623038885, 9.36956904385541, 10.830708394823848], "precision": [0.14959016393442623, 0.15163934426229508, 0.17418032786885246, 0.19672131147540983, 0.319672131147541, 0.25614754098360654, 0.305327868852459, 0.21721311475409835, 0.1864754098360656, 0.29508196721311475], "recall": [0.24172185430463577, 0.28793774319066145, 0.3386454183266932, 0.2953846153846154, 0.2496, 0.27839643652561247, 0.25601374570446733, 0.3375796178343949, 0.3408239700374532, 0.26422018348623855], "f1": [0.18481012658227847, 0.19865771812080538, 0.23004059539918809, 0.23616236162361626, 0.28032345013477084, 0.26680896478121663, 0.27850467289719627, 0.2643391521197007, 0.24105960264900664, 0.27879961277831555]}