{"accuracy": [0.8186778593913956], "val_accuracy": [0.8983313930927435], "loss": [11.274554633154166], "val_loss": [6.753045668940485], "precision": [0.5497382198952879], "recall": [0.19337016574585636], "f1": [0.2861035422343325]}