{"accuracy": [0.7805877114870882, 0.7819234194122885, 0.7886019590382903, 0.7922528940338379, 0.7893143365983971, 0.7993766696349065, 0.796527159394479, 0.7916295636687445, 0.7910952804986643, 0.8008014247551202], "val_accuracy": [0.8556876061120543, 0.8033955857385399, 0.7779286926994906, 0.8471986417657046, 0.8237691001697793, 0.9431239388794567, 0.8594227504244483, 0.831409168081494, 0.933955857385399, 0.8448217317487267], "loss": [13.368359437695256, 12.606505980009366, 12.551309285849927, 12.289279694231148, 12.394023687751204, 12.124421555601973, 12.117800075953502, 12.350198795652798, 12.468574688305543, 12.52533322385913], "val_loss": [8.557386545232823, 8.141144381342707, 9.734765648197483, 8.065727677216401, 7.699945464971903, 5.430394733918679, 8.765139225366953, 7.708468816731427, 6.491911368756681, 9.441627151901658], "precision": [0.46153846153846156, 0.7307692307692307, 0.8125, 0.5432692307692307, 0.7019230769230769, 0.1201923076923077, 0.6153846153846154, 0.6682692307692307, 0.27403846153846156, 0.6538461538461539], "recall": [0.11510791366906475, 0.12121212121212122, 0.11752433936022254, 0.12309368191721133, 0.13012477718360071, 0.14124293785310735, 0.1461187214611872, 0.13076199435559738, 0.19322033898305085, 0.1390593047034765], "f1": [0.1842610364683301, 0.2079343365253078, 0.20534629404617255, 0.2007104795737122, 0.2195488721804511, 0.12987012987012989, 0.23616236162361623, 0.2187254130605822, 0.22664015904572568, 0.22934232715008435]}