{"accuracy": [0.7586484995118639, 0.7612801901608727, 0.7603463644467082, 0.7660342119784371, 0.7676471836665393, 0.7750328961331127, 0.7754149157434526, 0.7706608939258882, 0.7742688569124326, 0.7742264102890615], "val_accuracy": [0.9050933786078098, 0.9015280135823429, 0.9039049235993208, 0.8910016977928693, 0.8760611205432938, 0.9098471986417657, 0.8986417657045841, 0.8972835314091681, 0.8735144312393888, 0.8704584040747029], "loss": [16.49032286403946, 15.850842453165326, 15.653393168138843, 15.438105984268713, 15.287427839301174, 14.988453889475425, 15.08824217509544, 15.152070926600913, 14.980295793697985, 15.048565321570335], "val_loss": [10.281647011396048, 10.31079600727236, 9.67065421262303, 10.45368194129016, 11.141782493204683, 9.13333711688583, 9.799540462042835, 9.66465261272482, 11.084233329263894, 11.010972320550197], "precision": [0.1120162932790224, 0.1975560081466395, 0.1710794297352342, 0.2830957230142566, 0.35030549898167007, 0.15071283095723015, 0.2606924643584521, 0.2219959266802444, 0.34419551934826886, 0.3910386965376782], "recall": [0.3089887640449438, 0.34275618374558303, 0.345679012345679, 0.32400932400932403, 0.2950257289879931, 0.39361702127659576, 0.35359116022099446, 0.32831325301204817, 0.28547297297297297, 0.2926829268292683], "f1": [0.16442451420029897, 0.2506459948320413, 0.2288828337874659, 0.3021739130434783, 0.3202979515828677, 0.21796759941089838, 0.3001172332942556, 0.26488456865127585, 0.31209602954755306, 0.3347863993025283]}