{"accuracy": [0.7846941943495809, 0.8265678360757529, 0.8417416951257374, 0.8447687053710028, 0.8550139708165166, 0.8636681154920832, 0.8705759081030736, 0.8813256752561316, 0.8828779882024216, 0.8881558522198075], "val_accuracy": [0.8087476229285521, 0.8049443086117902, 0.8261342026623201, 0.7881010594947025, 0.8133659331703341, 0.8171692474870959, 0.8299375169790818, 0.8220592230372181, 0.8212442271121978, 0.8353708231458843], "loss": [15.248515987514562, 13.060662346057796, 12.110408557555811, 11.605533437752547, 10.993236520302206, 10.568663353659675, 10.056862938049118, 9.302893287046967, 9.369956994470828, 8.774495875717097], "val_loss": [13.97399569919397, 13.926424866221074, 12.916533089403448, 15.01035639656515, 13.5087532542389, 14.742225685253226, 12.443584805675622, 13.628812369087647, 14.936265191769806, 13.046640119675931], "precision": [0.8045325779036827, 0.9229461756373938, 0.9008498583569405, 0.9444759206798867, 0.9189801699716714, 0.9172804532577904, 0.8436260623229461, 0.8475920679886686, 0.9235127478753541, 0.8538243626062323], "recall": [0.7982012366498032, 0.7367706919945726, 0.7737226277372263, 0.709663686675181, 0.7488457987072945, 0.7544268406337372, 0.809679173463839, 0.7948990435706695, 0.7570831398049234, 0.8123989218328841], "f1": [0.801354401805869, 0.8194164989939637, 0.8324607329842932, 0.8104035002430724, 0.8252353090816585, 0.8279212477627206, 0.8263041065482796, 0.8204003290375651, 0.8320571720265441, 0.832596685082873]}