{"accuracy": [0.8336653386454184, 0.9123505976095617, 0.9400398406374502, 0.949800796812749, 0.9641434262948207, 0.9593625498007968, 0.9673306772908367, 0.9780876494023905, 0.9784860557768924, 0.9784860557768924], "val_accuracy": [0.9378980891719745, 0.9186305732484077, 0.9469745222929936, 0.970859872611465, 0.9648089171974522, 0.9630573248407643, 0.9601910828025477, 0.9721337579617835, 0.9719745222929936, 0.9759554140127389], "loss": [17.628401864142646, 10.178526349862416, 7.455095670052937, 6.484924177044914, 4.796355709362597, 5.2396406934020066, 4.423273135437852, 3.044838008816753, 3.1906538602142107, 3.0079809050120057], "val_loss": [8.279925858928957, 9.344340331624938, 8.629514357174626, 6.45164047620963, 6.188502379373171, 5.805036061208781, 5.343075699762989, 4.881991923395686, 5.111984044722218, 5.911002665951529], "precision": [0.35555555555555557, 0.4666666666666667, 0.5222222222222223, 0.43333333333333335, 0.3888888888888889, 0.3333333333333333, 0.4111111111111111, 0.43333333333333335, 0.4444444444444444, 0.37777777777777777], "recall": [0.08791208791208792, 0.08316831683168317, 0.1394658753709199, 0.22807017543859648, 0.17412935323383086, 0.1485148514851485, 0.1581196581196581, 0.2392638036809816, 0.24096385542168675, 0.26356589147286824], "f1": [0.14096916299559473, 0.1411764705882353, 0.22014051522248246, 0.29885057471264365, 0.24054982817869416, 0.20547945205479454, 0.22839506172839502, 0.30830039525691705, 0.3125, 0.3105022831050228]}