{"accuracy": [0.9336116910229645], "val_accuracy": [0.965704584040747], "loss": [5.189521283706029], "val_loss": [3.725591107217494], "precision": [0.2857142857142857], "recall": [0.175], "f1": [0.21705426356589147]}