{"accuracy": [0.7600916847064816, 0.7724012054841037, 0.7783861793794303, 0.7777070334054926, 0.777494800288637], "val_accuracy": [0.8859083191850594, 0.8594227504244483, 0.9096774193548387, 0.8865874363327674, 0.8748726655348048], "loss": [16.036172467300332, 15.181850273177291, 15.148786030194167, 14.861010214003002, 14.842610977236257], "val_loss": [10.559605490194784, 11.383123117202038, 8.770182893002355, 9.902486843353993, 10.236535323793824], "precision": [0.22828282828282828, 0.3393939393939394, 0.10505050505050505, 0.2585858585858586, 0.28888888888888886], "recall": [0.2803970223325062, 0.25112107623318386, 0.36879432624113473, 0.29836829836829837, 0.2708333333333333], "f1": [0.25167037861915365, 0.28865979381443296, 0.16352201257861634, 0.27705627705627706, 0.2795698924731182]}