{"accuracy": [0.7144191179591663, 0.734199244450104, 0.744131754318944, 0.7474425909418906, 0.7485037565261683, 0.7465936584744683, 0.7534275648372172, 0.7536397979540728, 0.7493951356169617, 0.7576722271743282], "val_accuracy": [0.7453310696095077, 0.7483870967741936, 0.7495755517826825, 0.7544991511035654, 0.7570458404074702, 0.7539898132427844, 0.7509337860780985, 0.7633276740237691, 0.7617996604414261, 0.7601018675721561], "loss": [18.354600900791716, 17.390611962151173, 17.03652874820106, 16.818250713306334, 16.78139430454337, 16.724356029056306, 16.45536744653208, 16.35172526694056, 16.5931162110339, 16.37258005384836], "val_loss": [17.053288417249114, 16.934944770465027, 16.75997306334006, 16.39081984532846, 16.359954947394293, 16.409433591043626, 16.663841700231707, 16.141286673416964, 16.256769182230975, 16.24993996877928], "precision": [0.662406015037594, 0.7172932330827068, 0.7259398496240601, 0.6409774436090225, 0.6921052631578948, 0.6394736842105263, 0.7785714285714286, 0.6992481203007519, 0.7206766917293234, 0.7424812030075187], "recall": [0.745346869712352, 0.7232752084912812, 0.7213298468434816, 0.7764116575591985, 0.7505095801059927, 0.7763578274760383, 0.702271956595456, 0.7579462102689487, 0.7438882421420256, 0.7306696263411024], "f1": [0.7014331210191083, 0.7202718006795018, 0.7236275060895634, 0.7022240527182867, 0.7201251711324077, 0.7012987012987013, 0.7384560527723302, 0.7274149393820885, 0.7320985296925722, 0.7365280626515008]}